,time,UID,PID,Command,%usr,%system,%guest,%wait,%CPU,CPU,minflt/s,majflt/s,VSZ,RSS,%MEM,StkSize,StkRef,kB_rd/s,kB_wr/s,kB_ccwr/s,iodelay,cswch/s,nvcswch/s,threads,fd-nr
0,11:25:33 PM,0,425139,python3,41.00,3.00,0.00,0.00,44.00,4,11908.00,0.00,208380,50420,0.08,132,104,0.00,8.00,0.00,0,34.00,5.00,3,10
1,11:25:34 PM,0,425139,python3,0.00,0.00,0.00,0.00,0.00,4,16.00,0.00,208380,50420,0.08,132,104,0.00,0.00,0.00,0,1.00,0.00,3,10
2,11:25:35 PM,0,425139,python3,1.00,1.00,0.00,0.00,2.00,4,16.00,0.00,208380,50420,0.08,132,104,0.00,0.00,0.00,0,1.00,0.00,3,10
3,11:25:36 PM,0,425139,python3,0.00,0.00,0.00,0.00,0.00,4,16.00,0.00,208380,50420,0.08,132,104,0.00,0.00,0.00,0,1.00,0.00,3,10
4,11:25:37 PM,0,425139,python3,1.00,0.00,0.00,0.00,1.00,4,16.00,0.00,208380,50420,0.08,132,104,0.00,0.00,0.00,0,1.00,0.00,3,10
5,11:25:38 PM,0,425139,python3,1.00,0.00,0.00,0.00,1.00,4,16.00,0.00,208380,50420,0.08,132,104,0.00,0.00,0.00,0,1.00,0.00,3,10
6,11:25:39 PM,0,425139,python3,0.00,0.00,0.00,0.00,0.00,4,16.00,0.00,208380,50420,0.08,132,104,0.00,0.00,0.00,0,1.00,0.00,3,10
7,11:25:40 PM,0,425139,python3,1.00,0.00,0.00,0.00,1.00,4,16.00,0.00,208380,50420,0.08,132,104,0.00,0.00,0.00,0,1.00,0.00,3,10
8,11:25:41 PM,0,425139,python3,0.00,0.00,0.00,0.00,0.00,4,16.00,0.00,208380,50420,0.08,132,104,0.00,0.00,0.00,0,1.00,1.00,3,10
9,11:25:42 PM,0,425139,python3,1.00,0.00,0.00,0.00,1.00,4,16.00,0.00,208380,50420,0.08,132,104,0.00,0.00,0.00,0,1.00,0.00,3,10
10,11:25:43 PM,0,425139,python3,0.00,0.00,0.00,0.00,0.00,4,16.00,0.00,208380,50420,0.08,132,104,0.00,0.00,0.00,0,1.00,1.00,3,10
11,11:25:44 PM,0,425139,python3,1.00,1.00,0.00,0.00,2.00,4,16.00,0.00,208380,50420,0.08,132,104,0.00,0.00,0.00,0,1.00,1.00,3,10
12,11:25:45 PM,0,425139,python3,0.00,0.00,0.00,0.00,0.00,4,16.00,0.00,208380,50420,0.08,132,104,0.00,0.00,0.00,0,1.00,1.00,3,10
13,11:25:46 PM,0,425139,python3,0.00,0.00,0.00,0.00,0.00,4,16.00,0.00,208380,50420,0.08,132,104,0.00,0.00,0.00,0,1.00,1.00,3,10
14,11:25:47 PM,0,425139,python3,1.00,0.00,0.00,0.00,1.00,4,16.00,0.00,208380,50420,0.08,132,104,0.00,0.00,0.00,0,1.00,1.00,3,10
15,11:25:48 PM,0,425139,python3,1.00,0.00,0.00,0.00,1.00,4,16.00,0.00,208380,50420,0.08,132,104,0.00,0.00,0.00,0,1.00,1.00,3,10
16,11:25:49 PM,0,425139,python3,0.00,0.00,0.00,0.00,0.00,4,16.00,0.00,208380,50420,0.08,132,104,0.00,0.00,0.00,0,1.00,1.00,3,10
17,11:25:50 PM,0,425139,python3,1.00,1.00,0.00,0.00,2.00,4,16.00,0.00,208380,50420,0.08,132,104,0.00,0.00,0.00,0,1.00,1.00,3,10
18,11:25:51 PM,0,425139,python3,0.00,0.00,0.00,0.00,0.00,4,16.00,0.00,208380,50420,0.08,132,104,0.00,0.00,0.00,0,1.00,1.00,3,10
19,11:25:52 PM,0,425139,python3,1.00,0.00,0.00,0.00,1.00,4,16.00,0.00,208380,50420,0.08,132,104,0.00,0.00,0.00,0,1.00,1.00,3,10
20,11:25:53 PM,0,425139,python3,1.00,0.00,0.00,0.00,1.00,4,16.00,0.00,208380,50420,0.08,132,104,0.00,0.00,0.00,0,1.00,1.00,3,10
21,11:25:54 PM,0,425139,python3,0.00,0.00,0.00,0.00,0.00,4,16.00,0.00,208380,50420,0.08,132,104,0.00,0.00,0.00,0,1.00,1.00,3,10
22,11:25:55 PM,0,425139,python3,1.00,0.00,0.00,0.00,1.00,4,16.00,0.00,208380,50420,0.08,132,104,0.00,0.00,0.00,0,1.00,0.00,3,10
23,11:25:56 PM,0,425139,python3,0.00,0.00,0.00,0.00,0.00,4,16.00,0.00,208380,50420,0.08,132,104,0.00,0.00,0.00,0,1.00,1.00,3,10
24,11:25:57 PM,0,425139,python3,1.00,0.00,0.00,0.00,1.00,4,16.00,0.00,208380,50420,0.08,132,104,0.00,0.00,0.00,0,1.00,1.00,3,10
25,11:25:58 PM,0,425139,python3,0.00,1.00,0.00,0.00,1.00,4,16.00,0.00,208380,50420,0.08,132,104,0.00,0.00,0.00,0,1.00,1.00,3,10
26,11:25:59 PM,0,425139,python3,0.00,0.00,0.00,0.00,0.00,4,16.00,0.00,208380,50420,0.08,132,104,0.00,0.00,0.00,0,1.00,1.00,3,10
27,11:26:00 PM,0,425139,python3,1.00,1.00,0.00,0.00,2.00,4,16.00,0.00,208380,50420,0.08,132,104,0.00,0.00,0.00,0,1.00,1.00,3,10
28,11:26:01 PM,0,425139,python3,0.00,0.00,0.00,0.00,0.00,4,16.00,0.00,208380,50420,0.08,132,104,0.00,0.00,0.00,0,1.00,1.00,3,10
29,11:26:02 PM,0,425139,python3,1.00,0.00,0.00,0.00,1.00,4,16.00,0.00,208380,50420,0.08,132,104,0.00,0.00,0.00,0,1.00,1.00,3,10
30,11:26:03 PM,0,425139,python3,0.00,0.00,0.00,0.00,0.00,4,16.00,0.00,208380,50420,0.08,132,104,0.00,0.00,0.00,0,1.00,1.00,3,10
31,11:26:04 PM,0,425139,python3,1.00,0.00,0.00,0.00,1.00,4,16.00,0.00,208380,50420,0.08,132,104,0.00,0.00,0.00,0,1.00,1.00,3,10
32,11:26:05 PM,0,425139,python3,1.00,0.00,0.00,0.00,1.00,4,16.00,0.00,208380,50420,0.08,132,104,0.00,0.00,0.00,0,1.00,1.00,3,10
33,11:26:06 PM,0,425139,python3,0.00,0.00,0.00,0.00,0.00,4,16.00,0.00,208380,50420,0.08,132,104,0.00,0.00,0.00,0,3.00,1.00,3,10
34,11:26:07 PM,0,425139,python3,1.00,0.00,0.00,0.00,1.00,4,16.00,0.00,208380,50420,0.08,132,104,0.00,0.00,0.00,0,1.00,1.00,3,10
35,11:26:08 PM,0,425139,python3,0.00,1.00,0.00,0.00,1.00,4,16.00,0.00,208380,50420,0.08,132,104,0.00,0.00,0.00,0,1.00,1.00,3,10
36,11:26:09 PM,0,425139,python3,1.00,0.00,0.00,0.00,1.00,4,16.00,0.00,208380,50420,0.08,132,104,0.00,0.00,0.00,0,1.00,1.00,3,10
37,11:26:10 PM,0,425139,python3,0.00,0.00,0.00,0.00,0.00,4,16.00,0.00,208380,50420,0.08,132,104,0.00,0.00,0.00,0,1.00,1.00,3,10
38,11:26:11 PM,0,425139,python3,0.00,0.00,0.00,0.00,0.00,4,16.00,0.00,208380,50420,0.08,132,104,0.00,0.00,0.00,0,1.00,0.00,3,10
39,11:26:12 PM,0,425139,python3,1.00,1.00,0.00,0.00,2.00,4,16.00,0.00,208380,50420,0.08,132,104,0.00,0.00,0.00,0,1.00,1.00,3,10
40,11:26:13 PM,0,425139,python3,0.00,0.00,0.00,0.00,0.00,4,16.00,0.00,208380,50420,0.08,132,104,0.00,0.00,0.00,0,1.00,0.00,3,10
41,11:26:14 PM,0,425139,python3,0.00,1.00,0.00,0.00,1.00,4,16.00,0.00,208380,50420,0.08,132,104,0.00,0.00,0.00,0,1.00,1.00,3,10
42,11:26:15 PM,0,425139,python3,1.00,0.00,0.00,0.00,1.00,4,16.00,0.00,208380,50420,0.08,132,104,0.00,0.00,0.00,0,1.00,0.00,3,10
43,11:26:16 PM,0,425139,python3,0.00,0.00,0.00,0.00,0.00,4,16.00,0.00,208380,50420,0.08,132,104,0.00,0.00,0.00,0,1.00,0.00,3,10
44,11:26:17 PM,0,425139,python3,1.00,0.00,0.00,0.00,1.00,4,16.00,0.00,208380,50420,0.08,132,104,0.00,0.00,0.00,0,1.00,1.00,3,10
45,11:26:18 PM,0,425139,python3,0.00,0.00,0.00,0.00,0.00,4,16.00,0.00,208380,50420,0.08,132,104,0.00,0.00,0.00,0,1.00,0.00,3,10
46,11:26:19 PM,0,425139,python3,0.00,1.00,0.00,0.00,1.00,4,16.00,0.00,208380,50420,0.08,132,104,0.00,0.00,0.00,0,1.00,1.00,3,10
47,11:26:20 PM,0,425139,python3,1.00,0.00,0.00,0.00,1.00,4,16.00,0.00,208380,50420,0.08,132,104,0.00,0.00,0.00,0,1.00,0.00,3,10
48,11:26:21 PM,0,425139,python3,0.00,0.00,0.00,0.00,0.00,4,16.00,0.00,208380,50420,0.08,132,104,0.00,0.00,0.00,0,1.00,1.00,3,10
49,11:26:22 PM,0,425139,python3,1.00,0.00,0.00,0.00,1.00,4,16.00,0.00,208380,50420,0.08,132,104,0.00,0.00,0.00,0,1.00,0.00,3,10
50,11:26:23 PM,0,425139,python3,0.00,1.00,0.00,0.00,1.00,4,16.00,0.00,208380,50420,0.08,132,104,0.00,0.00,0.00,0,1.00,0.00,3,10
51,11:26:24 PM,0,425139,python3,1.00,0.00,0.00,0.00,1.00,4,16.00,0.00,208380,50420,0.08,132,104,0.00,0.00,0.00,0,1.00,0.00,3,10
52,11:26:25 PM,0,425139,python3,0.00,0.00,0.00,0.00,0.00,4,16.00,0.00,208380,50420,0.08,132,104,0.00,0.00,0.00,0,3.00,0.00,3,10
53,11:26:26 PM,0,425139,python3,0.00,1.00,0.00,0.00,1.00,4,16.00,0.00,208380,50420,0.08,132,104,0.00,0.00,0.00,0,1.00,1.00,3,10
54,11:26:27 PM,0,425139,python3,0.00,0.00,0.00,0.00,0.00,4,16.00,0.00,208380,50420,0.08,132,104,0.00,0.00,0.00,0,1.00,0.00,3,10
55,11:26:28 PM,0,425139,python3,1.00,0.00,0.00,0.00,1.00,4,16.00,0.00,208380,50420,0.08,132,104,0.00,0.00,0.00,0,3.00,1.00,3,10
56,11:26:29 PM,0,425139,python3,0.00,1.00,0.00,0.00,1.00,4,16.00,0.00,208380,50420,0.08,132,104,0.00,0.00,0.00,0,1.00,0.00,3,10
57,11:26:30 PM,0,425139,python3,1.00,0.00,0.00,0.00,1.00,4,16.00,0.00,208380,50420,0.08,132,104,0.00,0.00,0.00,0,1.00,0.00,3,10
58,11:26:31 PM,0,425139,python3,1.00,0.00,0.00,0.00,1.00,4,16.00,0.00,208380,50420,0.08,132,104,0.00,0.00,0.00,0,1.00,0.00,3,10
59,11:26:32 PM,0,425139,python3,0.00,0.00,0.00,0.00,0.00,4,16.00,0.00,208380,50420,0.08,132,104,0.00,0.00,0.00,0,1.00,0.00,3,10
60,11:26:33 PM,0,425139,python3,0.00,0.00,0.00,0.00,0.00,4,16.00,0.00,208380,50420,0.08,132,104,0.00,0.00,0.00,0,1.00,1.00,3,10
61,11:26:34 PM,0,425139,python3,1.00,0.00,0.00,0.00,1.00,4,16.00,0.00,208380,50420,0.08,132,104,0.00,0.00,0.00,0,1.00,0.00,3,10
62,11:26:35 PM,0,425139,python3,1.00,0.00,0.00,0.00,1.00,4,16.00,0.00,208380,50420,0.08,132,104,0.00,0.00,0.00,0,1.00,0.00,3,10
63,11:26:36 PM,0,425139,python3,0.00,0.00,0.00,0.00,0.00,4,16.00,0.00,208380,50420,0.08,132,104,0.00,0.00,0.00,0,1.00,0.00,3,10
64,11:26:37 PM,0,425139,python3,1.00,1.00,0.00,0.00,2.00,4,16.00,0.00,208380,50420,0.08,132,104,0.00,0.00,0.00,0,1.00,0.00,3,10
65,11:26:38 PM,0,425139,python3,0.00,0.00,0.00,0.00,0.00,4,16.00,0.00,208380,50420,0.08,132,104,0.00,0.00,0.00,0,1.00,1.00,3,10
66,11:26:39 PM,0,425139,python3,1.00,0.00,0.00,0.00,1.00,4,16.00,0.00,208380,50420,0.08,132,104,0.00,0.00,0.00,0,1.00,0.00,3,10
67,11:26:40 PM,0,425139,python3,0.00,0.00,0.00,0.00,0.00,4,16.00,0.00,208380,50420,0.08,132,104,0.00,0.00,0.00,0,1.00,0.00,3,10
68,11:26:41 PM,0,425139,python3,1.00,1.00,0.00,0.00,2.00,4,16.00,0.00,208380,50420,0.08,132,104,0.00,0.00,0.00,0,1.00,0.00,3,10
69,11:26:42 PM,0,425139,python3,0.00,0.00,0.00,0.00,0.00,4,16.00,0.00,208636,50420,0.08,132,104,0.00,0.00,0.00,0,0.00,1.00,3,10
70,11:26:43 PM,0,425139,python3,0.00,0.00,0.00,0.00,0.00,4,0.00,0.00,208380,50420,0.08,132,104,0.00,0.00,0.00,0,1.00,0.00,3,10
71,11:26:44 PM,0,425139,python3,1.00,0.00,0.00,0.00,1.00,4,16.00,0.00,208380,50420,0.08,132,104,0.00,0.00,0.00,0,1.00,0.00,3,10
72,11:26:45 PM,0,425139,python3,0.00,0.00,0.00,0.00,0.00,4,16.00,0.00,208380,50420,0.08,132,104,0.00,0.00,0.00,0,1.00,1.00,3,10
73,11:26:46 PM,0,425139,python3,1.00,0.00,0.00,0.00,1.00,4,16.00,0.00,208380,50420,0.08,132,104,0.00,0.00,0.00,0,1.00,0.00,3,10
74,11:26:47 PM,0,425139,python3,0.00,1.00,0.00,0.00,1.00,4,16.00,0.00,208380,50420,0.08,132,104,0.00,0.00,0.00,0,1.00,1.00,3,10
75,11:26:48 PM,0,425139,python3,0.00,1.00,0.00,0.00,1.00,4,16.00,0.00,208380,50420,0.08,132,104,0.00,0.00,0.00,0,1.00,0.00,3,10
76,11:26:49 PM,0,425139,python3,0.00,0.00,0.00,0.00,0.00,4,16.00,0.00,208380,50420,0.08,132,104,0.00,0.00,0.00,0,1.00,0.00,3,10
77,11:26:50 PM,0,425139,python3,1.00,0.00,0.00,0.00,1.00,4,16.00,0.00,208380,50420,0.08,132,104,0.00,0.00,0.00,0,1.00,0.00,3,10
78,11:26:51 PM,0,425139,python3,0.00,0.00,0.00,0.00,0.00,4,16.00,0.00,208380,50420,0.08,132,104,0.00,0.00,0.00,0,1.00,3.00,3,10
79,11:26:52 PM,0,425139,python3,1.00,1.00,0.00,0.00,2.00,4,16.00,0.00,208380,50420,0.08,132,104,0.00,0.00,0.00,0,4.00,0.00,3,10
80,11:26:53 PM,0,425139,python3,1.00,1.00,0.00,0.00,2.00,4,16.00,0.00,208380,50420,0.08,132,104,0.00,0.00,0.00,0,4775.00,0.00,3,10
81,11:26:54 PM,0,425139,python3,1.00,1.00,0.00,0.00,2.00,4,16.00,0.00,208380,50420,0.08,132,104,0.00,0.00,0.00,0,4775.00,0.00,3,10
82,11:26:55 PM,0,425139,python3,1.00,2.00,0.00,0.00,3.00,4,16.00,0.00,208380,50420,0.08,132,104,0.00,0.00,0.00,0,4775.00,0.00,3,10
83,11:26:56 PM,0,425139,python3,1.00,1.00,0.00,0.00,2.00,4,16.00,0.00,208380,50420,0.08,132,104,0.00,0.00,0.00,0,4775.00,0.00,3,10
84,11:26:57 PM,0,425139,python3,0.00,2.00,0.00,0.00,2.00,4,16.00,0.00,208380,50420,0.08,132,104,0.00,0.00,0.00,0,4775.00,0.00,3,10
85,11:26:58 PM,0,425139,python3,2.00,0.00,0.00,0.00,2.00,4,16.00,0.00,208380,50420,0.08,132,104,0.00,0.00,0.00,0,4775.00,0.00,3,10
86,11:26:59 PM,0,425139,python3,1.00,1.00,0.00,0.00,2.00,4,16.00,0.00,208380,50420,0.08,132,104,0.00,0.00,0.00,0,4775.00,0.00,3,10
87,11:27:00 PM,0,425139,python3,1.00,2.00,0.00,0.00,3.00,4,16.00,0.00,208380,50420,0.08,132,104,0.00,0.00,0.00,0,4775.00,0.00,3,10
88,11:27:01 PM,0,425139,python3,2.00,1.00,0.00,0.00,3.00,4,16.00,0.00,208380,50420,0.08,132,104,0.00,0.00,0.00,0,4775.00,0.00,3,10
89,11:27:02 PM,0,425139,python3,0.00,2.00,0.00,0.00,2.00,4,16.00,0.00,208380,50420,0.08,132,104,0.00,0.00,0.00,0,4775.00,0.00,3,10
90,11:27:03 PM,0,425139,python3,2.00,0.00,0.00,0.00,2.00,4,16.00,0.00,208380,50420,0.08,132,104,0.00,0.00,0.00,0,4775.00,0.00,3,10
91,11:27:04 PM,0,425139,python3,1.00,2.00,0.00,0.00,3.00,4,16.00,0.00,208380,50420,0.08,132,104,0.00,0.00,0.00,0,4775.00,0.00,3,10
92,11:27:05 PM,0,425139,python3,1.00,1.00,0.00,0.00,2.00,4,16.00,0.00,208380,50420,0.08,132,104,0.00,0.00,0.00,0,4775.00,0.00,3,10
93,11:27:06 PM,0,425139,python3,1.00,2.00,0.00,0.00,3.00,4,16.00,0.00,208380,50420,0.08,132,104,0.00,0.00,0.00,0,4775.00,1.00,3,10
94,11:27:07 PM,0,425139,python3,0.00,2.00,0.00,0.00,2.00,4,16.00,0.00,208380,50420,0.08,132,104,0.00,0.00,0.00,0,4775.00,0.00,3,10
95,11:27:08 PM,0,425139,python3,2.00,1.00,0.00,0.00,3.00,4,16.00,0.00,208380,50420,0.08,132,104,0.00,0.00,0.00,0,4775.00,0.00,3,10
96,11:27:09 PM,0,425139,python3,0.00,1.00,0.00,0.00,1.00,4,16.00,0.00,208380,50420,0.08,132,104,0.00,0.00,0.00,0,4775.00,0.00,3,10
97,11:27:10 PM,0,425139,python3,2.00,1.00,0.00,0.00,3.00,4,16.00,0.00,208380,50420,0.08,132,104,0.00,0.00,0.00,0,4775.00,0.00,3,10
98,11:27:11 PM,0,425139,python3,1.00,1.00,0.00,0.00,2.00,4,16.00,0.00,208380,50420,0.08,132,104,0.00,0.00,0.00,0,4775.00,0.00,3,10
99,11:27:12 PM,0,425139,python3,0.00,2.00,0.00,0.00,2.00,4,16.00,0.00,208380,50420,0.08,132,104,0.00,0.00,0.00,0,4775.00,0.00,3,10
100,11:27:13 PM,0,425139,python3,2.00,1.00,0.00,0.00,3.00,4,16.00,0.00,208380,50420,0.08,132,104,0.00,0.00,0.00,0,4775.00,0.00,3,10
101,11:27:14 PM,0,425139,python3,1.00,2.00,0.00,0.00,3.00,4,16.00,0.00,208380,50420,0.08,132,104,0.00,0.00,0.00,0,4775.00,0.00,3,10
102,11:27:15 PM,0,425139,python3,1.00,1.00,0.00,0.00,2.00,4,16.00,0.00,208636,50420,0.08,132,104,0.00,0.00,0.00,0,4681.00,0.00,3,10
103,11:27:16 PM,0,425139,python3,0.00,0.00,0.00,0.00,0.00,4,0.00,0.00,208380,50420,0.08,132,104,0.00,0.00,0.00,0,94.00,0.00,3,10
104,11:27:17 PM,0,425139,python3,2.00,0.00,0.00,0.00,2.00,4,16.00,0.00,208380,50420,0.08,132,104,0.00,0.00,0.00,0,4775.00,0.00,3,10
105,11:27:18 PM,0,425139,python3,1.00,1.00,0.00,0.00,2.00,4,16.00,0.00,208380,50420,0.08,132,104,0.00,0.00,0.00,0,4775.00,0.00,3,10
106,11:27:19 PM,0,425139,python3,1.00,2.00,0.00,0.00,3.00,4,16.00,0.00,208380,50420,0.08,132,104,0.00,0.00,0.00,0,4775.00,0.00,3,10
107,11:27:20 PM,0,425139,python3,0.00,2.00,0.00,0.00,2.00,4,16.00,0.00,208380,50420,0.08,132,104,0.00,0.00,0.00,0,4775.00,0.00,3,10
108,11:27:21 PM,0,425139,python3,0.00,2.00,0.00,0.00,2.00,4,16.00,0.00,208380,50420,0.08,132,104,0.00,0.00,0.00,0,4775.00,0.00,3,10
109,11:27:22 PM,0,425139,python3,2.00,2.00,0.00,0.00,4.00,4,16.00,0.00,208380,50420,0.08,132,104,0.00,0.00,0.00,0,4775.00,0.00,3,10
110,11:27:23 PM,0,425139,python3,0.00,2.00,0.00,0.00,2.00,4,16.00,0.00,208380,50420,0.08,132,104,0.00,0.00,0.00,0,4775.00,0.00,3,10
111,11:27:24 PM,0,425139,python3,0.00,2.00,0.00,0.00,2.00,4,16.00,0.00,208380,50420,0.08,132,104,0.00,0.00,0.00,0,4775.00,0.00,3,10
112,11:27:25 PM,0,425139,python3,1.00,1.00,0.00,0.00,2.00,4,16.00,0.00,208380,50420,0.08,132,104,0.00,0.00,0.00,0,4775.00,0.00,3,10
113,11:27:26 PM,0,425139,python3,1.00,1.00,0.00,0.00,2.00,4,16.00,0.00,208380,50420,0.08,132,104,0.00,0.00,0.00,0,4775.00,0.00,3,10
114,11:27:27 PM,0,425139,python3,1.00,2.00,0.00,0.00,3.00,4,16.00,0.00,208380,50420,0.08,132,104,0.00,0.00,0.00,0,4775.00,0.00,3,10
115,11:27:28 PM,0,425139,python3,1.00,2.00,0.00,0.00,3.00,4,16.00,0.00,208380,50420,0.08,132,104,0.00,0.00,0.00,0,4775.00,0.00,3,10
116,11:27:29 PM,0,425139,python3,0.00,2.00,0.00,0.00,2.00,4,16.00,0.00,208380,50420,0.08,132,104,0.00,0.00,0.00,0,4775.00,0.00,3,10
117,11:27:30 PM,0,425139,python3,1.00,2.00,0.00,0.00,3.00,4,16.00,0.00,208380,50420,0.08,132,104,0.00,0.00,0.00,0,4775.00,0.00,3,10
118,11:27:31 PM,0,425139,python3,1.00,1.00,0.00,0.00,2.00,4,16.00,0.00,208380,50420,0.08,132,104,0.00,0.00,0.00,0,4775.00,1.00,3,10
119,11:27:32 PM,0,425139,python3,2.00,0.00,0.00,0.00,2.00,4,16.00,0.00,208380,50420,0.08,132,104,0.00,0.00,0.00,0,4775.00,1.00,3,10
120,11:27:33 PM,0,425139,python3,1.00,2.00,0.00,0.00,3.00,4,16.00,0.00,208380,50420,0.08,132,104,0.00,0.00,0.00,0,4775.00,0.00,3,10
121,11:27:34 PM,0,425139,python3,1.00,1.00,0.00,0.00,2.00,4,16.00,0.00,208380,50420,0.08,132,104,0.00,0.00,0.00,0,4775.00,0.00,3,10
122,11:27:35 PM,0,425139,python3,0.00,2.00,0.00,0.00,2.00,4,16.00,0.00,208380,50420,0.08,132,104,0.00,0.00,0.00,0,4775.00,0.00,3,10
123,11:27:36 PM,0,425139,python3,1.00,2.00,0.00,0.00,3.00,4,16.00,0.00,208380,50420,0.08,132,104,0.00,0.00,0.00,0,4775.00,0.00,3,10
124,11:27:37 PM,0,425139,python3,1.00,1.00,0.00,0.00,2.00,4,16.00,0.00,208380,50420,0.08,132,104,0.00,0.00,0.00,0,4775.00,0.00,3,10
125,11:27:38 PM,0,425139,python3,0.00,2.00,0.00,0.00,2.00,4,16.00,0.00,208380,50420,0.08,132,104,0.00,0.00,0.00,0,4775.00,0.00,3,10
126,11:27:39 PM,0,425139,python3,1.00,2.00,0.00,0.00,3.00,4,16.00,0.00,208380,50420,0.08,132,104,0.00,0.00,0.00,0,4775.00,0.00,3,10
127,11:27:40 PM,0,425139,python3,0.00,2.00,0.00,0.00,2.00,4,16.00,0.00,208380,50420,0.08,132,104,0.00,0.00,0.00,0,4775.00,0.00,3,10
128,11:27:41 PM,0,425139,python3,1.00,1.00,0.00,0.00,2.00,4,16.00,0.00,208636,50420,0.08,132,104,0.00,0.00,0.00,0,3134.00,0.00,3,10
129,11:27:42 PM,0,425139,python3,1.00,0.00,0.00,0.00,1.00,4,0.00,0.00,208380,50420,0.08,132,104,0.00,0.00,0.00,0,1641.00,0.00,3,10
130,11:27:43 PM,0,425139,python3,0.00,2.00,0.00,0.00,2.00,4,16.00,0.00,208380,50420,0.08,132,104,0.00,0.00,0.00,0,4775.00,0.00,3,10
131,11:27:44 PM,0,425139,python3,0.00,2.00,0.00,0.00,2.00,4,16.00,0.00,208380,50420,0.08,132,104,0.00,0.00,0.00,0,4775.00,0.00,3,10
132,11:27:45 PM,0,425139,python3,1.00,2.00,0.00,0.00,3.00,4,16.00,0.00,208380,50420,0.08,132,104,0.00,0.00,0.00,0,4775.00,0.00,3,10
133,11:27:46 PM,0,425139,python3,1.00,1.00,0.00,0.00,2.00,4,16.00,0.00,208380,50420,0.08,132,104,0.00,0.00,0.00,0,4775.00,0.00,3,10
134,11:27:47 PM,0,425139,python3,0.00,2.00,0.00,0.00,2.00,4,16.00,0.00,208380,50420,0.08,132,104,0.00,0.00,0.00,0,4775.00,0.00,3,10
135,11:27:48 PM,0,425139,python3,1.00,2.00,0.00,0.00,3.00,4,16.00,0.00,208380,50420,0.08,132,104,0.00,0.00,0.00,0,4775.00,0.00,3,10
136,11:27:49 PM,0,425139,python3,0.00,2.00,0.00,0.00,2.00,4,16.00,0.00,208380,50420,0.08,132,104,0.00,0.00,0.00,0,4775.00,0.00,3,10
137,11:27:50 PM,0,425139,python3,1.00,2.00,0.00,0.00,3.00,4,16.00,0.00,208380,50420,0.08,132,104,0.00,0.00,0.00,0,4775.00,0.00,3,10
138,11:27:51 PM,0,425139,python3,1.00,1.00,0.00,0.00,2.00,4,16.00,0.00,208380,50420,0.08,132,104,0.00,0.00,0.00,0,4775.00,0.00,3,10
139,11:27:52 PM,0,425139,python3,1.00,1.00,0.00,0.00,2.00,4,16.00,0.00,208380,50420,0.08,132,104,0.00,0.00,0.00,0,4775.00,0.00,3,10
140,11:27:53 PM,0,425139,python3,1.00,1.00,0.00,0.00,2.00,4,16.00,0.00,208380,50420,0.08,132,104,0.00,0.00,0.00,0,4775.00,0.00,3,10
141,11:27:54 PM,0,425139,python3,1.00,2.00,0.00,0.00,3.00,4,16.00,0.00,208380,50420,0.08,132,104,0.00,0.00,0.00,0,4775.00,0.00,3,10
142,11:27:55 PM,0,425139,python3,0.00,2.00,0.00,0.00,2.00,4,16.00,0.00,208380,50420,0.08,132,104,0.00,0.00,0.00,0,4775.00,0.00,3,10
143,11:27:56 PM,0,425139,python3,0.00,3.00,0.00,0.00,3.00,4,16.00,0.00,208380,50420,0.08,132,104,0.00,0.00,0.00,0,4775.00,0.00,3,10
144,11:27:57 PM,0,425139,python3,0.00,2.00,0.00,0.00,2.00,4,16.00,0.00,208380,50420,0.08,132,104,0.00,0.00,0.00,0,4775.00,0.00,3,10
145,11:27:58 PM,0,425139,python3,2.00,1.00,0.00,0.00,3.00,4,16.00,0.00,208380,50420,0.08,132,104,0.00,0.00,0.00,0,4775.00,0.00,3,10
146,11:27:59 PM,0,425139,python3,0.00,2.00,0.00,0.00,2.00,4,16.00,0.00,208380,50420,0.08,132,104,0.00,0.00,0.00,0,4775.00,0.00,3,10
147,11:28:00 PM,0,425139,python3,0.00,2.00,0.00,0.00,2.00,4,16.00,0.00,208380,50420,0.08,132,104,0.00,0.00,0.00,0,4775.00,0.00,3,10
148,11:28:01 PM,0,425139,python3,1.00,1.00,0.00,0.00,2.00,4,16.00,0.00,208380,50420,0.08,132,104,0.00,0.00,0.00,0,4775.00,0.00,3,10
149,11:28:02 PM,0,425139,python3,1.00,2.00,0.00,0.00,3.00,4,16.00,0.00,208380,50420,0.08,132,104,0.00,0.00,0.00,0,4775.00,1.00,3,10
150,11:28:03 PM,0,425139,python3,0.00,2.00,0.00,0.00,2.00,4,16.00,0.00,208380,50420,0.08,132,104,0.00,0.00,0.00,0,4775.00,0.00,3,10
151,11:28:04 PM,0,425139,python3,1.00,1.00,0.00,0.00,2.00,4,16.00,0.00,208380,50420,0.08,132,104,0.00,0.00,0.00,0,4775.00,0.00,3,10
152,11:28:05 PM,0,425139,python3,0.00,2.00,0.00,0.00,2.00,4,16.00,0.00,208380,50420,0.08,132,104,0.00,0.00,0.00,0,4775.00,0.00,3,10
153,11:28:06 PM,0,425139,python3,1.00,2.00,0.00,0.00,3.00,4,16.00,0.00,208380,50420,0.08,132,104,0.00,0.00,0.00,0,4775.00,0.00,3,10
154,11:28:07 PM,0,425139,python3,0.00,1.00,0.00,0.00,1.00,4,16.00,0.00,208636,50420,0.08,132,104,0.00,0.00,0.00,0,1295.00,0.00,3,10
155,11:28:08 PM,0,425139,python3,2.00,0.00,0.00,0.00,2.00,4,0.00,0.00,208380,50420,0.08,132,104,0.00,0.00,0.00,0,3480.00,0.00,3,10
156,11:28:09 PM,0,425139,python3,0.00,2.00,0.00,0.00,2.00,4,16.00,0.00,208380,50420,0.08,132,104,0.00,0.00,0.00,0,4775.00,0.00,3,10
157,11:28:10 PM,0,425139,python3,0.00,2.00,0.00,0.00,2.00,4,16.00,0.00,208380,50420,0.08,132,104,0.00,0.00,0.00,0,4775.00,0.00,3,10
158,11:28:11 PM,0,425139,python3,1.00,1.00,0.00,0.00,2.00,4,16.00,0.00,208380,50420,0.08,132,104,0.00,0.00,0.00,0,4775.00,0.00,3,10
159,11:28:12 PM,0,425139,python3,2.00,2.00,0.00,0.00,4.00,4,16.00,0.00,208380,50420,0.08,132,104,0.00,0.00,0.00,0,4775.00,0.00,3,10
160,11:28:13 PM,0,425139,python3,0.00,1.00,0.00,0.00,1.00,4,16.00,0.00,208380,50420,0.08,132,104,0.00,0.00,0.00,0,4775.00,0.00,3,10
161,11:28:14 PM,0,425139,python3,2.00,1.00,0.00,0.00,3.00,4,16.00,0.00,208380,50420,0.08,132,104,0.00,0.00,0.00,0,4775.00,0.00,3,10
162,11:28:15 PM,0,425139,python3,0.00,2.00,0.00,0.00,2.00,4,16.00,0.00,208380,50420,0.08,132,104,0.00,0.00,0.00,0,4775.00,0.00,3,10
163,11:28:16 PM,0,425139,python3,0.00,2.00,0.00,0.00,2.00,4,16.00,0.00,208380,50420,0.08,132,104,0.00,0.00,0.00,0,4775.00,0.00,3,10
164,11:28:17 PM,0,425139,python3,1.00,2.00,0.00,0.00,3.00,4,16.00,0.00,208380,50420,0.08,132,104,0.00,0.00,0.00,0,4775.00,0.00,3,10
165,11:28:18 PM,0,425139,python3,0.00,2.00,0.00,0.00,2.00,4,16.00,0.00,208380,50420,0.08,132,104,0.00,0.00,0.00,0,4775.00,0.00,3,10
166,11:28:19 PM,0,425139,python3,1.00,1.00,0.00,0.00,2.00,4,16.00,0.00,208380,50420,0.08,132,104,0.00,0.00,0.00,0,4775.00,0.00,3,10
167,11:28:20 PM,0,425139,python3,1.00,2.00,0.00,0.00,3.00,4,17.00,0.00,208380,50420,0.08,132,104,0.00,0.00,0.00,0,4775.00,0.00,3,10
168,11:28:21 PM,0,425139,python3,1.00,1.00,0.00,0.00,2.00,4,17.00,0.00,208380,50420,0.08,132,104,0.00,0.00,0.00,0,4775.00,0.00,3,10
169,11:28:22 PM,0,425139,python3,1.00,2.00,0.00,0.00,3.00,4,17.00,0.00,208380,50420,0.08,132,104,0.00,0.00,0.00,0,4775.00,0.00,3,10
170,11:28:23 PM,0,425139,python3,0.00,2.00,0.00,0.00,2.00,4,17.00,0.00,208380,50420,0.08,132,104,0.00,0.00,0.00,0,4775.00,0.00,3,10
171,11:28:24 PM,0,425139,python3,2.00,1.00,0.00,0.00,3.00,4,17.00,0.00,208380,50420,0.08,132,104,0.00,0.00,0.00,0,4775.00,0.00,3,10
172,11:28:25 PM,0,425139,python3,0.00,2.00,0.00,0.00,2.00,4,17.00,0.00,208380,50420,0.08,132,104,0.00,0.00,0.00,0,4775.00,0.00,3,10
173,11:28:26 PM,0,425139,python3,2.00,1.00,0.00,0.00,3.00,4,17.00,0.00,208380,50420,0.08,132,104,0.00,0.00,0.00,0,4775.00,0.00,3,10
174,11:28:27 PM,0,425139,python3,0.00,2.00,0.00,0.00,2.00,4,17.00,0.00,208380,50420,0.08,132,104,0.00,0.00,0.00,0,4775.00,0.00,3,10
175,11:28:28 PM,0,425139,python3,2.00,0.00,0.00,0.00,2.00,4,17.00,0.00,208380,50420,0.08,132,104,0.00,0.00,0.00,0,4775.00,0.00,3,10
176,11:28:29 PM,0,425139,python3,1.00,1.00,0.00,0.00,2.00,4,17.00,0.00,208380,50420,0.08,132,104,0.00,0.00,0.00,0,4775.00,0.00,3,10
177,11:28:30 PM,0,425139,python3,2.00,1.00,0.00,0.00,3.00,4,17.00,0.00,208380,50420,0.08,132,104,0.00,0.00,0.00,0,4775.00,0.00,3,10
178,11:28:31 PM,0,425139,python3,1.00,1.00,0.00,0.00,2.00,4,17.00,0.00,208380,50420,0.08,132,104,0.00,0.00,0.00,0,4775.00,0.00,3,10
179,11:28:32 PM,0,425139,python3,1.00,2.00,0.00,0.00,3.00,4,17.00,0.00,208636,50420,0.08,132,104,0.00,0.00,0.00,0,3718.00,0.00,3,10
180,11:28:33 PM,0,425139,python3,0.00,0.00,0.00,0.00,0.00,4,0.00,0.00,208380,50420,0.08,132,104,0.00,0.00,0.00,0,1057.00,0.00,3,10
181,11:28:34 PM,0,425139,python3,0.00,3.00,0.00,0.00,3.00,4,17.00,0.00,208380,50420,0.08,132,104,0.00,0.00,0.00,0,4775.00,0.00,3,10
182,11:28:35 PM,0,425139,python3,0.00,1.00,0.00,0.00,1.00,4,17.00,0.00,208380,50420,0.08,132,104,0.00,0.00,0.00,0,4775.00,0.00,3,10
183,11:28:36 PM,0,425139,python3,1.00,2.00,0.00,0.00,3.00,4,17.00,0.00,208380,50420,0.08,132,104,0.00,0.00,0.00,0,4775.00,0.00,3,10
184,11:28:37 PM,0,425139,python3,2.00,1.00,0.00,0.00,3.00,4,17.00,0.00,208380,50420,0.08,132,104,0.00,0.00,0.00,0,4775.00,0.00,3,10
185,11:28:38 PM,0,425139,python3,1.00,1.00,0.00,0.00,2.00,4,17.00,0.00,208380,50420,0.08,132,104,0.00,0.00,0.00,0,4775.00,0.00,3,10
186,11:28:39 PM,0,425139,python3,0.00,2.00,0.00,0.00,2.00,4,17.00,0.00,208380,50420,0.08,132,104,0.00,0.00,0.00,0,4775.00,0.00,3,10
187,11:28:40 PM,0,425139,python3,1.00,2.00,0.00,0.00,3.00,4,17.00,0.00,208380,50420,0.08,132,104,0.00,0.00,0.00,0,4775.00,0.00,3,10
188,11:28:41 PM,0,425139,python3,1.00,2.00,0.00,0.00,3.00,4,17.00,0.00,208380,50420,0.08,132,104,0.00,0.00,0.00,0,4775.00,0.00,3,10
189,11:28:42 PM,0,425139,python3,0.00,1.00,0.00,0.00,1.00,4,17.00,0.00,208380,50420,0.08,132,104,0.00,0.00,0.00,0,4775.00,0.00,3,10
190,11:28:43 PM,0,425139,python3,1.00,2.00,0.00,0.00,3.00,4,17.00,0.00,208380,50420,0.08,132,104,0.00,0.00,0.00,0,4775.00,0.00,3,10
191,11:28:44 PM,0,425139,python3,2.00,1.00,0.00,0.00,3.00,4,17.00,0.00,208380,50420,0.08,132,104,0.00,0.00,0.00,0,4775.00,0.00,3,10
192,11:28:45 PM,0,425139,python3,0.00,2.00,0.00,0.00,2.00,4,17.00,0.00,208380,50420,0.08,132,104,0.00,0.00,0.00,0,4775.00,0.00,3,10
193,11:28:46 PM,0,425139,python3,0.00,2.00,0.00,0.00,2.00,4,17.00,0.00,208380,50420,0.08,132,104,0.00,0.00,0.00,0,4775.00,0.00,3,10
194,11:28:47 PM,0,425139,python3,1.00,2.00,0.00,0.00,3.00,4,17.00,0.00,208380,50420,0.08,132,104,0.00,0.00,0.00,0,4775.00,0.00,3,10
195,11:28:48 PM,0,425139,python3,0.00,2.00,0.00,0.00,2.00,4,17.00,0.00,208380,50420,0.08,132,104,0.00,0.00,0.00,0,4775.00,0.00,3,10
196,11:28:49 PM,0,425139,python3,1.00,2.00,0.00,0.00,3.00,4,17.00,0.00,208380,50420,0.08,132,104,0.00,0.00,0.00,0,4775.00,0.00,3,10
197,11:28:50 PM,0,425139,python3,1.00,1.00,0.00,0.00,2.00,4,17.00,0.00,208380,50420,0.08,132,104,0.00,0.00,0.00,0,4775.00,1.00,3,10
198,11:28:51 PM,0,425139,python3,1.00,2.00,0.00,0.00,3.00,4,17.00,0.00,208380,50420,0.08,132,104,0.00,0.00,0.00,0,4775.00,1.00,3,10
199,11:28:52 PM,0,425139,python3,0.00,2.00,0.00,0.00,2.00,4,17.00,0.00,208380,50420,0.08,132,104,0.00,0.00,0.00,0,4775.00,0.00,3,10
200,11:28:53 PM,0,425139,python3,2.00,0.00,0.00,0.00,2.00,4,17.00,0.00,208380,50420,0.08,132,104,0.00,0.00,0.00,0,4775.00,0.00,3,10
201,11:28:54 PM,0,425139,python3,1.00,2.00,0.00,0.00,3.00,4,17.00,0.00,208380,50420,0.08,132,104,0.00,0.00,0.00,0,4775.00,0.00,3,10
202,11:28:55 PM,0,425139,python3,2.00,0.00,0.00,0.00,2.00,4,17.00,0.00,208380,50420,0.08,132,104,0.00,0.00,0.00,0,4775.00,0.00,3,10
203,11:28:56 PM,0,425139,python3,1.00,2.00,0.00,0.00,3.00,4,17.00,0.00,208380,50420,0.08,132,104,0.00,0.00,0.00,0,4775.00,0.00,3,10
204,11:28:57 PM,0,425139,python3,0.00,2.00,0.00,0.00,2.00,4,17.00,0.00,208380,50420,0.08,132,104,0.00,0.00,0.00,0,4775.00,0.00,3,10
205,11:28:58 PM,0,425139,python3,0.00,0.00,0.00,0.00,0.00,4,10.00,0.00,208636,50420,0.08,132,104,0.00,0.00,0.00,0,738.00,0.00,3,11
206,11:28:59 PM,0,425139,python3,2.00,0.00,0.00,0.00,2.00,4,7.00,0.00,208380,50420,0.08,132,104,0.00,0.00,0.00,0,4037.00,0.00,3,10
207,11:29:00 PM,0,425139,python3,2.00,1.00,0.00,0.00,3.00,4,17.00,0.00,208380,50420,0.08,132,104,0.00,0.00,0.00,0,4775.00,0.00,3,10
208,11:29:01 PM,0,425139,python3,1.00,2.00,0.00,0.00,3.00,4,17.00,0.00,208380,50420,0.08,132,104,0.00,0.00,0.00,0,4775.00,0.00,3,10
209,11:29:02 PM,0,425139,python3,0.00,2.00,0.00,0.00,2.00,4,17.00,0.00,208380,50420,0.08,132,104,0.00,0.00,0.00,0,4775.00,0.00,3,10
210,11:29:03 PM,0,425139,python3,0.00,2.00,0.00,0.00,2.00,4,17.00,0.00,208380,50420,0.08,132,104,0.00,0.00,0.00,0,4775.00,1.00,3,10
211,11:29:04 PM,0,425139,python3,2.00,1.00,0.00,0.00,3.00,4,17.00,0.00,208380,50420,0.08,132,104,0.00,0.00,0.00,0,4775.00,1.00,3,10
212,11:29:05 PM,0,425139,python3,0.00,1.00,0.00,0.00,1.00,4,17.00,0.00,208380,50420,0.08,132,104,0.00,0.00,0.00,0,4775.00,0.00,3,10
213,11:29:06 PM,0,425139,python3,2.00,1.00,0.00,0.00,3.00,4,17.00,0.00,208380,50420,0.08,132,104,0.00,0.00,0.00,0,4775.00,0.00,3,10
214,11:29:07 PM,0,425139,python3,1.00,2.00,0.00,0.00,3.00,4,17.00,0.00,208380,50420,0.08,132,104,0.00,0.00,0.00,0,4775.00,0.00,3,10
215,11:29:08 PM,0,425139,python3,1.00,1.00,0.00,0.00,2.00,4,17.00,0.00,208380,50420,0.08,132,104,0.00,0.00,0.00,0,4775.00,0.00,3,10
216,11:29:09 PM,0,425139,python3,2.00,1.00,0.00,0.00,3.00,4,17.00,0.00,208380,50420,0.08,132,104,0.00,0.00,0.00,0,4775.00,0.00,3,10
217,11:29:10 PM,0,425139,python3,0.00,2.00,0.00,0.00,2.00,4,17.00,0.00,208380,50420,0.08,132,104,0.00,0.00,0.00,0,4775.00,0.00,3,10
218,11:29:11 PM,0,425139,python3,0.00,2.00,0.00,0.00,2.00,4,17.00,0.00,208380,50420,0.08,132,104,0.00,0.00,0.00,0,4775.00,0.00,3,10
219,11:29:12 PM,0,425139,python3,0.00,2.00,0.00,0.00,2.00,4,17.00,0.00,208380,50420,0.08,132,104,0.00,0.00,0.00,0,4775.00,0.00,3,10
220,11:29:13 PM,0,425139,python3,1.00,1.00,0.00,0.00,2.00,4,17.00,0.00,208380,50420,0.08,132,104,0.00,0.00,0.00,0,4775.00,0.00,3,10
221,11:29:14 PM,0,425139,python3,1.00,2.00,0.00,0.00,3.00,4,17.00,0.00,208380,50420,0.08,132,104,0.00,0.00,0.00,0,4775.00,0.00,3,10
222,11:29:15 PM,0,425139,python3,1.00,1.00,0.00,0.00,2.00,4,17.00,0.00,208380,50420,0.08,132,104,0.00,0.00,0.00,0,4775.00,0.00,3,10
223,11:29:16 PM,0,425139,python3,2.00,1.00,0.00,0.00,3.00,4,17.00,0.00,208380,50420,0.08,132,104,0.00,0.00,0.00,0,4775.00,0.00,3,10
224,11:29:17 PM,0,425139,python3,0.00,2.00,0.00,0.00,2.00,4,17.00,0.00,208380,50420,0.08,132,104,0.00,0.00,0.00,0,4775.00,0.00,3,10
225,11:29:18 PM,0,425139,python3,1.00,1.00,0.00,0.00,2.00,4,17.00,0.00,208380,50420,0.08,132,104,0.00,0.00,0.00,0,4775.00,0.00,3,10
226,11:29:19 PM,0,425139,python3,1.00,2.00,0.00,0.00,3.00,4,17.00,0.00,208380,50420,0.08,132,104,0.00,0.00,0.00,0,4775.00,0.00,3,10
227,11:29:20 PM,0,425139,python3,1.00,2.00,0.00,0.00,3.00,4,17.00,0.00,208380,50420,0.08,132,104,0.00,0.00,0.00,0,4775.00,0.00,3,10
228,11:29:21 PM,0,425139,python3,0.00,2.00,0.00,0.00,2.00,4,17.00,0.00,208380,50420,0.08,132,104,0.00,0.00,0.00,0,4775.00,0.00,3,10
229,11:29:22 PM,0,425139,python3,2.00,1.00,0.00,0.00,3.00,4,17.00,0.00,208380,50420,0.08,132,104,0.00,0.00,0.00,0,4775.00,0.00,3,10
230,11:29:23 PM,0,425139,python3,1.00,0.00,0.00,0.00,1.00,4,17.00,0.00,208636,50420,0.08,132,104,0.00,0.00,0.00,0,3434.00,0.00,3,10
231,11:29:24 PM,0,425139,python3,0.00,0.00,0.00,0.00,0.00,4,0.00,0.00,208380,50420,0.08,132,104,0.00,0.00,0.00,0,1341.00,0.00,3,10
232,11:29:25 PM,0,425139,python3,1.00,2.00,0.00,0.00,3.00,4,17.00,0.00,208380,50420,0.08,132,104,0.00,0.00,0.00,0,4775.00,0.00,3,10
233,11:29:26 PM,0,425139,python3,1.00,2.00,0.00,0.00,3.00,4,17.00,0.00,208380,50420,0.08,132,104,0.00,0.00,0.00,0,4775.00,0.00,3,10
234,11:29:27 PM,0,425139,python3,1.00,1.00,0.00,0.00,2.00,4,17.00,0.00,208380,50420,0.08,132,104,0.00,0.00,0.00,0,4775.00,0.00,3,10
235,11:29:28 PM,0,425139,python3,0.00,2.00,0.00,0.00,2.00,4,17.00,0.00,208380,50420,0.08,132,104,0.00,0.00,0.00,0,4775.00,0.00,3,10
236,11:29:29 PM,0,425139,python3,0.00,2.00,0.00,0.00,2.00,4,17.00,0.00,208380,50420,0.08,132,104,0.00,0.00,0.00,0,4775.00,0.00,3,10
237,11:29:30 PM,0,425139,python3,1.00,2.00,0.00,0.00,3.00,4,17.00,0.00,208380,50420,0.08,132,104,0.00,0.00,0.00,0,4775.00,1.00,3,10
238,11:29:31 PM,0,425139,python3,0.00,2.00,0.00,0.00,2.00,4,17.00,0.00,208380,50420,0.08,132,104,0.00,0.00,0.00,0,4775.00,0.00,3,10
239,11:29:32 PM,0,425139,python3,2.00,1.00,0.00,0.00,3.00,4,17.00,0.00,208380,50420,0.08,132,104,0.00,0.00,0.00,0,4775.00,0.00,3,10
240,11:29:33 PM,0,425139,python3,0.00,2.00,0.00,0.00,2.00,4,17.00,0.00,208380,50420,0.08,132,104,0.00,0.00,0.00,0,4775.00,0.00,3,10
241,11:29:34 PM,0,425139,python3,1.00,1.00,0.00,0.00,2.00,4,17.00,0.00,208380,50420,0.08,132,104,0.00,0.00,0.00,0,4775.00,0.00,3,10
242,11:29:35 PM,0,425139,python3,2.00,1.00,0.00,0.00,3.00,4,17.00,0.00,208380,50420,0.08,132,104,0.00,0.00,0.00,0,4775.00,0.00,3,10
243,11:29:36 PM,0,425139,python3,1.00,2.00,0.00,0.00,3.00,4,17.00,0.00,208380,50420,0.08,132,104,0.00,0.00,0.00,0,4775.00,0.00,3,10
244,11:29:37 PM,0,425139,python3,1.00,2.00,0.00,0.00,3.00,4,17.00,0.00,208380,50420,0.08,132,104,0.00,0.00,0.00,0,4775.00,0.00,3,10
245,11:29:38 PM,0,425139,python3,1.00,1.00,0.00,0.00,2.00,4,17.00,0.00,208380,50420,0.08,132,104,0.00,0.00,0.00,0,4775.00,1.00,3,10
246,11:29:39 PM,0,425139,python3,1.00,1.00,0.00,0.00,2.00,4,17.00,0.00,208380,50420,0.08,132,104,0.00,0.00,0.00,0,4775.00,0.00,3,10
247,11:29:40 PM,0,425139,python3,1.00,2.00,0.00,0.00,3.00,4,17.00,0.00,208380,50420,0.08,132,104,0.00,0.00,0.00,0,4775.00,0.00,3,10
248,11:29:41 PM,0,425139,python3,1.00,1.00,0.00,0.00,2.00,4,17.00,0.00,208380,50420,0.08,132,104,0.00,0.00,0.00,0,4775.00,0.00,3,10
249,11:29:42 PM,0,425139,python3,0.00,2.00,0.00,0.00,2.00,4,17.00,0.00,208380,50420,0.08,132,104,0.00,0.00,0.00,0,4775.00,0.00,3,10
250,11:29:43 PM,0,425139,python3,1.00,2.00,0.00,0.00,3.00,4,17.00,0.00,208380,50420,0.08,132,104,0.00,0.00,0.00,0,4775.00,0.00,3,10
251,11:29:44 PM,0,425139,python3,1.00,1.00,0.00,0.00,2.00,4,17.00,0.00,208380,50420,0.08,132,104,0.00,0.00,0.00,0,4775.00,0.00,3,10
252,11:29:45 PM,0,425139,python3,1.00,2.00,0.00,0.00,3.00,4,17.00,0.00,208380,50420,0.08,132,104,0.00,0.00,0.00,0,4775.00,0.00,3,10
253,11:29:46 PM,0,425139,python3,1.00,0.00,0.00,0.00,1.00,4,17.00,0.00,208380,50420,0.08,132,104,0.00,0.00,0.00,0,4775.00,0.00,3,10
254,11:29:47 PM,0,425139,python3,1.00,2.00,0.00,0.00,3.00,4,17.00,0.00,208380,50420,0.08,132,104,0.00,0.00,0.00,0,4775.00,0.00,3,10
255,11:29:48 PM,0,425139,python3,1.00,1.00,0.00,0.00,2.00,4,17.00,0.00,208380,50420,0.08,132,104,0.00,0.00,0.00,0,4775.00,0.00,3,10
256,11:29:49 PM,0,425139,python3,1.00,0.00,0.00,0.00,1.00,4,9.00,0.00,208636,50420,0.08,132,104,0.00,0.00,0.00,0,585.00,0.00,3,11
257,11:29:50 PM,0,425139,python3,0.00,2.00,0.00,0.00,2.00,4,8.00,0.00,208380,50420,0.08,132,104,0.00,0.00,0.00,0,4190.00,0.00,3,10
258,11:29:51 PM,0,425139,python3,1.00,2.00,0.00,0.00,3.00,4,17.00,0.00,208380,50420,0.08,132,104,0.00,0.00,0.00,0,4775.00,0.00,3,10
259,11:29:52 PM,0,425139,python3,0.00,2.00,0.00,0.00,2.00,4,17.00,0.00,208380,50420,0.08,132,104,0.00,0.00,0.00,0,4775.00,0.00,3,10
260,11:29:53 PM,0,425139,python3,1.00,1.00,0.00,0.00,2.00,4,17.00,0.00,208380,50420,0.08,132,104,0.00,0.00,0.00,0,4775.00,0.00,3,10
261,11:29:54 PM,0,425139,python3,1.00,1.00,0.00,0.00,2.00,4,17.00,0.00,208380,50420,0.08,132,104,0.00,0.00,0.00,0,4775.00,0.00,3,10
262,11:29:55 PM,0,425139,python3,1.00,2.00,0.00,0.00,3.00,4,17.00,0.00,208380,50420,0.08,132,104,0.00,0.00,0.00,0,4775.00,0.00,3,10
263,11:29:56 PM,0,425139,python3,0.00,2.00,0.00,0.00,2.00,4,17.00,0.00,208380,50420,0.08,132,104,0.00,0.00,0.00,0,4779.00,1.00,3,10
264,11:29:57 PM,0,425139,python3,0.00,3.00,0.00,0.00,3.00,4,17.00,0.00,208380,50420,0.08,132,104,0.00,0.00,0.00,0,4775.00,0.00,3,10
265,11:29:58 PM,0,425139,python3,1.00,1.00,0.00,0.00,2.00,4,17.00,0.00,208380,50420,0.08,132,104,0.00,0.00,0.00,0,4775.00,0.00,3,10
266,11:29:59 PM,0,425139,python3,1.00,2.00,0.00,0.00,3.00,4,17.00,0.00,208380,50420,0.08,132,104,0.00,0.00,0.00,0,4775.00,0.00,3,10
267,11:30:00 PM,0,425139,python3,1.00,1.00,0.00,0.00,2.00,4,17.00,0.00,208380,50420,0.08,132,104,0.00,0.00,0.00,0,4775.00,0.00,3,10
268,11:30:01 PM,0,425139,python3,0.00,2.97,0.00,0.00,2.97,4,16.83,0.00,208380,50420,0.08,132,104,0.00,0.00,0.00,0,4727.72,0.00,3,10
269,11:30:02 PM,0,425139,python3,0.00,1.00,0.00,0.00,1.00,4,17.00,0.00,208380,50420,0.08,132,104,0.00,0.00,0.00,0,4775.00,0.00,3,10
270,11:30:03 PM,0,425139,python3,1.00,2.00,0.00,0.00,3.00,4,17.00,0.00,208380,50420,0.08,132,104,0.00,0.00,0.00,0,4775.00,0.00,3,10
271,11:30:04 PM,0,425139,python3,1.00,2.00,0.00,0.00,3.00,4,17.00,0.00,208380,50420,0.08,132,104,0.00,0.00,0.00,0,4775.00,0.00,3,10
272,11:30:05 PM,0,425139,python3,0.00,2.00,0.00,0.00,2.00,4,17.00,0.00,208380,50420,0.08,132,104,0.00,0.00,0.00,0,4775.00,0.00,3,10
273,11:30:06 PM,0,425139,python3,2.00,1.00,0.00,0.00,3.00,4,17.00,0.00,208380,50420,0.08,132,104,0.00,0.00,0.00,0,4775.00,0.00,3,10
274,11:30:07 PM,0,425139,python3,0.00,2.00,0.00,0.00,2.00,4,17.00,0.00,208380,50420,0.08,132,104,0.00,0.00,0.00,0,4775.00,0.00,3,10
275,11:30:08 PM,0,425139,python3,1.00,1.00,0.00,0.00,2.00,4,17.00,0.00,208380,50420,0.08,132,104,0.00,0.00,0.00,0,4775.00,0.00,3,10
276,11:30:09 PM,0,425139,python3,0.00,2.00,0.00,0.00,2.00,4,17.00,0.00,208380,50420,0.08,132,104,0.00,0.00,0.00,0,4775.00,0.00,3,10
277,11:30:10 PM,0,425139,python3,1.00,2.00,0.00,0.00,3.00,4,17.00,0.00,208380,50420,0.08,132,104,0.00,0.00,0.00,0,4775.00,0.00,3,10
278,11:30:11 PM,0,425139,python3,0.00,2.00,0.00,0.00,2.00,4,17.00,0.00,208380,50420,0.08,132,104,0.00,0.00,0.00,0,4775.00,0.00,3,10
279,11:30:12 PM,0,425139,python3,2.00,1.00,0.00,0.00,3.00,4,17.00,0.00,208380,50420,0.08,132,104,0.00,0.00,0.00,0,4775.00,0.00,3,10
280,11:30:13 PM,0,425139,python3,1.00,1.00,0.00,0.00,2.00,4,17.00,0.00,208380,50420,0.08,132,104,0.00,0.00,0.00,0,4775.00,0.00,3,10
281,11:30:14 PM,0,425139,python3,0.00,2.00,0.00,0.00,2.00,4,17.00,0.00,208636,50420,0.08,132,104,0.00,0.00,0.00,0,3875.00,0.00,3,10
282,11:30:15 PM,0,425139,python3,0.00,0.00,0.00,0.00,0.00,4,0.00,0.00,208380,50420,0.08,132,104,0.00,0.00,0.00,0,900.00,0.00,3,10
283,11:30:16 PM,0,425139,python3,0.00,3.00,0.00,0.00,3.00,4,17.00,0.00,208380,50420,0.08,132,104,0.00,0.00,0.00,0,4775.00,0.00,3,10
284,11:30:17 PM,0,425139,python3,1.00,1.00,0.00,0.00,2.00,4,17.00,0.00,208380,50420,0.08,132,104,0.00,0.00,0.00,0,4775.00,0.00,3,10
285,11:30:18 PM,0,425139,python3,0.00,2.00,0.00,0.00,2.00,4,17.00,0.00,208380,50420,0.08,132,104,0.00,0.00,0.00,0,4775.00,0.00,3,10
286,11:30:19 PM,0,425139,python3,1.00,2.00,0.00,0.00,3.00,4,17.00,0.00,208380,50420,0.08,132,104,0.00,0.00,0.00,0,4775.00,0.00,3,10
287,11:30:20 PM,0,425139,python3,1.00,1.00,0.00,0.00,2.00,4,17.00,0.00,208380,50420,0.08,132,104,0.00,0.00,0.00,0,4775.00,0.00,3,10
288,11:30:21 PM,0,425139,python3,1.00,1.00,0.00,0.00,2.00,4,17.00,0.00,208380,50420,0.08,132,104,0.00,0.00,0.00,0,4775.00,0.00,3,10
289,11:30:22 PM,0,425139,python3,1.00,2.00,0.00,0.00,3.00,4,17.00,0.00,208380,50420,0.08,132,104,0.00,0.00,0.00,0,4775.00,0.00,3,10
290,11:30:23 PM,0,425139,python3,1.00,2.00,0.00,0.00,3.00,4,17.00,0.00,208380,50420,0.08,132,104,0.00,0.00,0.00,0,4775.00,0.00,3,10
291,11:30:24 PM,0,425139,python3,1.00,1.00,0.00,0.00,2.00,4,17.00,0.00,208380,50420,0.08,132,104,0.00,0.00,0.00,0,4775.00,0.00,3,10
292,11:30:25 PM,0,425139,python3,0.00,2.00,0.00,0.00,2.00,4,17.00,0.00,208380,50420,0.08,132,104,0.00,0.00,0.00,0,4775.00,0.00,3,10
293,11:30:26 PM,0,425139,python3,1.00,2.00,0.00,0.00,3.00,4,17.00,0.00,208380,50420,0.08,132,104,0.00,0.00,0.00,0,4775.00,0.00,3,10
294,11:30:27 PM,0,425139,python3,1.00,2.00,0.00,0.00,3.00,4,17.00,0.00,208380,50420,0.08,132,104,0.00,0.00,0.00,0,4775.00,0.00,3,10
295,11:30:28 PM,0,425139,python3,1.00,1.00,0.00,0.00,2.00,4,17.00,0.00,208380,50420,0.08,132,104,0.00,0.00,0.00,0,4775.00,0.00,3,10
296,11:30:29 PM,0,425139,python3,1.00,1.00,0.00,0.00,2.00,4,17.00,0.00,208380,50420,0.08,132,104,0.00,0.00,0.00,0,4775.00,0.00,3,10
297,11:30:30 PM,0,425139,python3,1.00,2.00,0.00,0.00,3.00,4,17.00,0.00,208380,50420,0.08,132,104,0.00,0.00,0.00,0,4775.00,0.00,3,10
298,11:30:31 PM,0,425139,python3,1.00,1.00,0.00,0.00,2.00,4,17.00,0.00,208380,50420,0.08,132,104,0.00,0.00,0.00,0,4775.00,0.00,3,10
299,11:30:32 PM,0,425139,python3,1.00,2.00,0.00,0.00,3.00,4,17.00,0.00,208380,50420,0.08,132,104,0.00,0.00,0.00,0,4775.00,0.00,3,10
300,11:30:33 PM,0,425139,python3,0.00,1.00,0.00,0.00,1.00,4,17.00,0.00,208380,50420,0.08,132,104,0.00,0.00,0.00,0,4775.00,0.00,3,10
301,11:30:34 PM,0,425139,python3,1.00,2.00,0.00,0.00,3.00,4,17.00,0.00,208380,50420,0.08,132,104,0.00,0.00,0.00,0,4775.00,0.00,3,10
302,11:30:35 PM,0,425139,python3,2.00,1.00,0.00,0.00,3.00,4,17.00,0.00,208380,50420,0.08,132,104,0.00,0.00,0.00,0,4775.00,0.00,3,10
303,11:30:36 PM,0,425139,python3,0.00,1.00,0.00,0.00,1.00,4,17.00,0.00,208380,50420,0.08,132,104,0.00,0.00,0.00,0,4775.00,0.00,3,10
304,11:30:37 PM,0,425139,python3,1.00,2.00,0.00,0.00,3.00,4,17.00,0.00,208380,50420,0.08,132,104,0.00,0.00,0.00,0,4775.00,0.00,3,10
305,11:30:38 PM,0,425139,python3,1.00,1.00,0.00,0.00,2.00,4,17.00,0.00,208380,50420,0.08,132,104,0.00,0.00,0.00,0,4775.00,0.00,3,10
306,11:30:39 PM,0,425139,python3,1.00,3.00,0.00,0.00,4.00,4,17.00,0.00,208380,50420,0.08,132,104,0.00,0.00,0.00,0,4775.00,0.00,3,10
307,11:30:40 PM,0,425139,python3,0.00,0.00,0.00,0.00,0.00,4,17.00,0.00,208636,50420,0.08,132,104,0.00,0.00,0.00,0,1527.00,0.00,3,10
308,11:30:41 PM,0,425139,python3,0.00,1.00,0.00,0.00,1.00,4,0.00,0.00,208380,50420,0.08,132,104,0.00,0.00,0.00,0,3248.00,0.00,3,10
309,11:30:42 PM,0,425139,python3,1.00,2.00,0.00,0.00,3.00,4,17.00,0.00,208380,50420,0.08,132,104,0.00,0.00,0.00,0,4775.00,0.00,3,10
310,11:30:43 PM,0,425139,python3,1.00,1.00,0.00,0.00,2.00,4,17.00,0.00,208380,50420,0.08,132,104,0.00,0.00,0.00,0,4775.00,0.00,3,10
311,11:30:44 PM,0,425139,python3,2.00,1.00,0.00,0.00,3.00,4,17.00,0.00,208380,50420,0.08,132,104,0.00,0.00,0.00,0,4775.00,0.00,3,10
312,11:30:45 PM,0,425139,python3,1.00,1.00,0.00,0.00,2.00,4,17.00,0.00,208380,50420,0.08,132,104,0.00,0.00,0.00,0,4775.00,0.00,3,10
313,11:30:46 PM,0,425139,python3,1.00,2.00,0.00,0.00,3.00,4,17.00,0.00,208380,50420,0.08,132,104,0.00,0.00,0.00,0,4775.00,0.00,3,10
314,11:30:47 PM,0,425139,python3,0.00,2.00,0.00,0.00,2.00,4,17.00,0.00,208380,50420,0.08,132,104,0.00,0.00,0.00,0,4775.00,0.00,3,10
315,11:30:48 PM,0,425139,python3,1.00,2.00,0.00,0.00,3.00,4,17.00,0.00,208380,50420,0.08,132,104,0.00,0.00,0.00,0,4775.00,1.00,3,10
316,11:30:49 PM,0,425139,python3,0.00,2.00,0.00,0.00,2.00,4,17.00,0.00,208380,50420,0.08,132,104,0.00,0.00,0.00,0,4775.00,0.00,3,10
317,11:30:50 PM,0,425139,python3,1.00,1.00,0.00,0.00,2.00,4,17.00,0.00,208380,50420,0.08,132,104,0.00,0.00,0.00,0,4775.00,0.00,3,10
318,11:30:51 PM,0,425139,python3,1.00,2.00,0.00,0.00,3.00,4,17.00,0.00,208380,50420,0.08,132,104,0.00,0.00,0.00,0,4775.00,0.00,3,10
319,11:30:52 PM,0,425139,python3,1.00,1.00,0.00,0.00,2.00,4,17.00,0.00,208380,50420,0.08,132,104,0.00,0.00,0.00,0,4775.00,0.00,3,10
320,11:30:53 PM,0,425139,python3,0.00,2.00,0.00,0.00,2.00,4,17.00,0.00,208380,50420,0.08,132,104,0.00,0.00,0.00,0,4775.00,0.00,3,10
321,11:30:54 PM,0,425139,python3,2.00,1.00,0.00,0.00,3.00,4,17.00,0.00,208380,50420,0.08,132,104,0.00,0.00,0.00,0,4775.00,0.00,3,10
322,11:30:55 PM,0,425139,python3,0.00,2.00,0.00,0.00,2.00,4,17.00,0.00,208380,50420,0.08,132,104,0.00,0.00,0.00,0,4775.00,0.00,3,10
323,11:30:56 PM,0,425139,python3,1.00,1.00,0.00,0.00,2.00,4,17.00,0.00,208380,50420,0.08,132,104,0.00,0.00,0.00,0,4775.00,0.00,3,10
324,11:30:57 PM,0,425139,python3,1.00,2.00,0.00,0.00,3.00,4,17.00,0.00,208380,50420,0.08,132,104,0.00,0.00,0.00,0,4775.00,0.00,3,10
325,11:30:58 PM,0,425139,python3,0.00,2.00,0.00,0.00,2.00,4,17.00,0.00,208380,50420,0.08,132,104,0.00,0.00,0.00,0,4775.00,0.00,3,10
326,11:30:59 PM,0,425139,python3,1.00,2.00,0.00,0.00,3.00,4,17.00,0.00,208380,50420,0.08,132,104,0.00,0.00,0.00,0,4775.00,0.00,3,10
327,11:31:00 PM,0,425139,python3,0.00,3.00,0.00,0.00,3.00,4,17.00,0.00,208380,50420,0.08,132,104,0.00,0.00,0.00,0,4775.00,0.00,3,10
328,11:31:01 PM,0,425139,python3,0.00,1.00,0.00,0.00,1.00,4,17.00,0.00,208380,50420,0.08,132,104,0.00,0.00,0.00,0,4775.00,0.00,3,10
329,11:31:02 PM,0,425139,python3,3.00,1.00,0.00,0.00,4.00,4,17.00,0.00,208380,50420,0.08,132,104,0.00,0.00,0.00,0,4775.00,0.00,3,10
330,11:31:03 PM,0,425139,python3,0.00,2.00,0.00,0.00,2.00,4,17.00,0.00,208380,50420,0.08,132,104,0.00,0.00,0.00,0,4775.00,0.00,3,10
331,11:31:04 PM,0,425139,python3,1.00,1.00,0.00,0.00,2.00,4,17.00,0.00,208380,50420,0.08,132,104,0.00,0.00,0.00,0,4775.00,0.00,3,10
332,11:31:05 PM,0,425139,python3,0.00,2.00,0.00,0.00,2.00,4,17.00,0.00,208636,50420,0.08,132,104,0.00,0.00,0.00,0,3727.00,0.00,3,10
333,11:31:06 PM,0,425139,python3,0.00,0.00,0.00,0.00,0.00,4,0.00,0.00,208380,50420,0.08,132,104,0.00,0.00,0.00,0,1048.00,0.00,3,10
334,11:31:07 PM,0,425139,python3,1.00,2.00,0.00,0.00,3.00,4,17.00,0.00,208380,50420,0.08,132,104,0.00,0.00,0.00,0,4775.00,0.00,3,10
335,11:31:08 PM,0,425139,python3,0.00,2.00,0.00,0.00,2.00,4,17.00,0.00,208380,50420,0.08,132,104,0.00,0.00,0.00,0,4775.00,0.00,3,10
336,11:31:09 PM,0,425139,python3,1.00,1.00,0.00,0.00,2.00,4,17.00,0.00,208380,50420,0.08,132,104,0.00,0.00,0.00,0,4775.00,0.00,3,10
337,11:31:10 PM,0,425139,python3,2.00,1.00,0.00,0.00,3.00,4,17.00,0.00,208380,50420,0.08,132,104,0.00,0.00,0.00,0,4775.00,0.00,3,10
338,11:31:11 PM,0,425139,python3,1.00,2.00,0.00,0.00,3.00,4,17.00,0.00,208380,50420,0.08,132,104,0.00,0.00,0.00,0,4775.00,0.00,3,10
339,11:31:12 PM,0,425139,python3,0.00,2.00,0.00,0.00,2.00,4,17.00,0.00,208380,50420,0.08,132,104,0.00,0.00,0.00,0,4775.00,0.00,3,10
340,11:31:13 PM,0,425139,python3,1.00,2.00,0.00,0.00,3.00,4,17.00,0.00,208380,50420,0.08,132,104,0.00,0.00,0.00,0,4775.00,0.00,3,10
341,11:31:14 PM,0,425139,python3,1.00,1.00,0.00,0.00,2.00,4,17.00,0.00,208380,50420,0.08,132,104,0.00,0.00,0.00,0,4775.00,0.00,3,10
342,11:31:15 PM,0,425139,python3,1.00,1.00,0.00,0.00,2.00,4,17.00,0.00,208380,50420,0.08,132,104,0.00,0.00,0.00,0,4775.00,0.00,3,10
343,11:31:16 PM,0,425139,python3,1.00,1.00,0.00,0.00,2.00,4,17.00,0.00,208380,50420,0.08,132,104,0.00,0.00,0.00,0,4775.00,0.00,3,10
344,11:31:17 PM,0,425139,python3,1.00,2.00,0.00,0.00,3.00,4,17.00,0.00,208380,50420,0.08,132,104,0.00,0.00,0.00,0,4775.00,0.00,3,10
345,11:31:18 PM,0,425139,python3,1.00,1.00,0.00,0.00,2.00,4,17.00,0.00,208380,50420,0.08,132,104,0.00,0.00,0.00,0,4775.00,0.00,3,10
346,11:31:19 PM,0,425139,python3,1.00,2.00,0.00,0.00,3.00,4,17.00,0.00,208380,50420,0.08,132,104,0.00,0.00,0.00,0,4775.00,0.00,3,10
347,11:31:20 PM,0,425139,python3,1.00,2.00,0.00,0.00,3.00,4,17.00,0.00,208380,50420,0.08,132,104,0.00,0.00,0.00,0,4775.00,0.00,3,10
348,11:31:21 PM,0,425139,python3,1.00,1.00,0.00,1.00,2.00,4,17.00,0.00,208380,50420,0.08,132,104,0.00,0.00,0.00,0,4775.00,0.00,3,10
349,11:31:22 PM,0,425139,python3,0.00,2.00,0.00,0.00,2.00,4,17.00,0.00,208380,50420,0.08,132,104,0.00,0.00,0.00,0,4775.00,0.00,3,10
350,11:31:23 PM,0,425139,python3,2.00,1.00,0.00,0.00,3.00,4,17.00,0.00,208380,50420,0.08,132,104,0.00,0.00,0.00,0,4775.00,0.00,3,10
351,11:31:24 PM,0,425139,python3,0.00,2.00,0.00,0.00,2.00,4,17.00,0.00,208380,50420,0.08,132,104,0.00,0.00,0.00,0,4775.00,0.00,3,10
352,11:31:25 PM,0,425139,python3,1.00,1.00,0.00,0.00,2.00,4,17.00,0.00,208380,50420,0.08,132,104,0.00,0.00,0.00,0,4775.00,0.00,3,10
353,11:31:26 PM,0,425139,python3,0.00,3.00,0.00,0.00,3.00,4,17.00,0.00,208380,50420,0.08,132,104,0.00,0.00,0.00,0,4775.00,0.00,3,10
354,11:31:27 PM,0,425139,python3,1.00,1.00,0.00,0.00,2.00,4,17.00,0.00,208380,50420,0.08,132,104,0.00,0.00,0.00,0,4775.00,0.00,3,10
355,11:31:28 PM,0,425139,python3,1.00,2.00,0.00,0.00,3.00,4,17.00,0.00,208380,50420,0.08,132,104,0.00,0.00,0.00,0,4775.00,0.00,3,10
356,11:31:29 PM,0,425139,python3,1.00,2.00,0.00,0.00,3.00,4,17.00,0.00,208380,50420,0.08,132,104,0.00,0.00,0.00,0,4775.00,0.00,3,10
357,11:31:30 PM,0,425139,python3,0.00,2.00,0.00,0.00,2.00,4,17.00,0.00,208380,50420,0.08,132,104,0.00,0.00,0.00,0,4775.00,0.00,3,10
358,11:31:31 PM,0,425139,python3,0.00,0.00,0.00,0.00,0.00,4,2.00,0.00,208636,50420,0.08,132,104,0.00,0.00,0.00,0,253.00,0.00,3,11
359,11:31:32 PM,0,425139,python3,1.00,2.00,0.00,0.00,3.00,4,15.00,0.00,208380,50420,0.08,132,104,0.00,0.00,0.00,0,4522.00,0.00,3,10
360,11:31:33 PM,0,425139,python3,1.00,2.00,0.00,0.00,3.00,4,17.00,0.00,208380,50420,0.08,132,104,0.00,0.00,0.00,0,4775.00,0.00,3,10
361,11:31:34 PM,0,425139,python3,0.00,2.00,0.00,0.00,2.00,4,17.00,0.00,208380,50420,0.08,132,104,0.00,0.00,0.00,0,4775.00,0.00,3,10
362,11:31:35 PM,0,425139,python3,1.00,2.00,0.00,0.00,3.00,4,17.00,0.00,208380,50420,0.08,132,104,0.00,0.00,0.00,0,4775.00,0.00,3,10
363,11:31:36 PM,0,425139,python3,0.00,2.00,0.00,0.00,2.00,4,17.00,0.00,208380,50420,0.08,132,104,0.00,0.00,0.00,0,4775.00,0.00,3,10
364,11:31:37 PM,0,425139,python3,0.00,3.00,0.00,0.00,3.00,4,17.00,0.00,208380,50420,0.08,132,104,0.00,0.00,0.00,0,4775.00,0.00,3,10
365,11:31:38 PM,0,425139,python3,0.00,2.00,0.00,0.00,2.00,4,17.00,0.00,208380,50420,0.08,132,104,0.00,0.00,0.00,0,4775.00,0.00,3,10
366,11:31:39 PM,0,425139,python3,0.00,2.00,0.00,0.00,2.00,4,17.00,0.00,208380,50420,0.08,132,104,0.00,0.00,0.00,0,4775.00,0.00,3,10
367,11:31:40 PM,0,425139,python3,1.00,2.00,0.00,0.00,3.00,4,17.00,0.00,208380,50420,0.08,132,104,0.00,0.00,0.00,0,4775.00,1.00,3,10
368,11:31:41 PM,0,425139,python3,0.00,2.00,0.00,0.00,2.00,4,17.00,0.00,208380,50420,0.08,132,104,0.00,0.00,0.00,0,4775.00,0.00,3,10
369,11:31:42 PM,0,425139,python3,1.00,2.00,0.00,0.00,3.00,4,17.00,0.00,208380,50420,0.08,132,104,0.00,0.00,0.00,0,4775.00,0.00,3,10
370,11:31:43 PM,0,425139,python3,1.00,1.00,0.00,0.00,2.00,4,17.00,0.00,208380,50420,0.08,132,104,0.00,0.00,0.00,0,4775.00,0.00,3,10
371,11:31:44 PM,0,425139,python3,1.00,1.00,0.00,0.00,2.00,4,17.00,0.00,208380,50420,0.08,132,104,0.00,0.00,0.00,0,4775.00,0.00,3,10
372,11:31:45 PM,0,425139,python3,1.00,2.00,0.00,0.00,3.00,4,17.00,0.00,208380,50420,0.08,132,104,0.00,0.00,0.00,0,4775.00,0.00,3,10
373,11:31:46 PM,0,425139,python3,0.00,2.00,0.00,0.00,2.00,4,17.00,0.00,208380,50420,0.08,132,104,0.00,0.00,0.00,0,4775.00,0.00,3,10
374,11:31:47 PM,0,425139,python3,1.00,2.00,0.00,0.00,3.00,4,17.00,0.00,208380,50420,0.08,132,104,0.00,0.00,0.00,0,4775.00,0.00,3,10
375,11:31:48 PM,0,425139,python3,1.00,2.00,0.00,0.00,3.00,4,17.00,0.00,208380,50420,0.08,132,104,0.00,0.00,0.00,0,4775.00,0.00,3,10
376,11:31:49 PM,0,425139,python3,0.00,1.00,0.00,0.00,1.00,4,17.00,0.00,208380,50420,0.08,132,104,0.00,0.00,0.00,0,4775.00,0.00,3,10
377,11:31:50 PM,0,425139,python3,0.00,2.00,0.00,0.00,2.00,4,17.00,0.00,208380,50420,0.08,132,104,0.00,0.00,0.00,0,4775.00,0.00,3,10
378,11:31:51 PM,0,425139,python3,1.00,2.00,0.00,0.00,3.00,4,17.00,0.00,208380,50420,0.08,132,104,0.00,0.00,0.00,0,4775.00,0.00,3,10
379,11:31:52 PM,0,425139,python3,1.00,2.00,0.00,0.00,3.00,4,17.00,0.00,208380,50420,0.08,132,104,0.00,0.00,0.00,0,4775.00,0.00,3,10
380,11:31:53 PM,0,425139,python3,1.00,1.00,0.00,0.00,2.00,4,17.00,0.00,208380,50420,0.08,132,104,0.00,0.00,0.00,0,4775.00,0.00,3,10
381,11:31:54 PM,0,425139,python3,1.00,1.00,0.00,0.00,2.00,4,17.00,0.00,208380,50420,0.08,132,104,0.00,0.00,0.00,0,4775.00,0.00,3,10
382,11:31:55 PM,0,425139,python3,0.00,2.00,0.00,0.00,2.00,4,17.00,0.00,208636,50420,0.08,132,104,0.00,0.00,0.00,0,3744.00,0.00,3,10
383,11:31:56 PM,0,425139,python3,1.00,0.00,0.00,0.00,1.00,4,0.00,0.00,208380,50420,0.08,132,104,0.00,0.00,0.00,0,1031.00,0.00,3,10
384,11:31:57 PM,0,425139,python3,0.00,3.00,0.00,0.00,3.00,4,17.00,0.00,208380,50420,0.08,132,104,0.00,0.00,0.00,0,4775.00,0.00,3,10
385,11:31:58 PM,0,425139,python3,2.00,0.00,0.00,0.00,2.00,4,17.00,0.00,208380,50420,0.08,132,104,0.00,0.00,0.00,0,4775.00,0.00,3,10
386,11:31:59 PM,0,425139,python3,1.00,2.00,0.00,0.00,3.00,4,17.00,0.00,208380,50420,0.08,132,104,0.00,0.00,0.00,0,4775.00,0.00,3,10
387,11:32:00 PM,0,425139,python3,0.00,2.00,0.00,0.00,2.00,4,17.00,0.00,208380,50420,0.08,132,104,0.00,0.00,0.00,0,4775.00,0.00,3,10
388,11:32:01 PM,0,425139,python3,1.00,1.00,0.00,0.00,2.00,4,17.00,0.00,208380,50420,0.08,132,104,0.00,0.00,0.00,0,4775.00,0.00,3,10
389,11:32:02 PM,0,425139,python3,0.00,3.00,0.00,0.00,3.00,4,17.00,0.00,208380,50420,0.08,132,104,0.00,0.00,0.00,0,4775.00,0.00,3,10
390,11:32:03 PM,0,425139,python3,1.00,1.00,0.00,0.00,2.00,4,17.00,0.00,208380,50420,0.08,132,104,0.00,0.00,0.00,0,4775.00,0.00,3,10
391,11:32:04 PM,0,425139,python3,1.00,2.00,0.00,0.00,3.00,4,17.00,0.00,208380,50420,0.08,132,104,0.00,0.00,0.00,0,4775.00,0.00,3,10
392,11:32:05 PM,0,425139,python3,1.00,1.00,0.00,0.00,2.00,4,17.00,0.00,208380,50420,0.08,132,104,0.00,0.00,0.00,0,4775.00,1.00,3,10
393,11:32:06 PM,0,425139,python3,1.00,1.00,0.00,0.00,2.00,4,17.00,0.00,208380,50420,0.08,132,104,0.00,0.00,0.00,0,4775.00,0.00,3,10
394,11:32:07 PM,0,425139,python3,1.00,2.00,0.00,0.00,3.00,4,17.00,0.00,208380,50420,0.08,132,104,0.00,0.00,0.00,0,4775.00,0.00,3,10
395,11:32:08 PM,0,425139,python3,1.00,1.00,0.00,0.00,2.00,4,17.00,0.00,208380,50420,0.08,132,104,0.00,0.00,0.00,0,4775.00,0.00,3,10
396,11:32:09 PM,0,425139,python3,0.00,3.00,0.00,0.00,3.00,4,17.00,0.00,208380,50420,0.08,132,104,0.00,0.00,0.00,0,4775.00,1.00,3,10
397,11:32:10 PM,0,425139,python3,2.00,0.00,0.00,0.00,2.00,4,17.00,0.00,208380,50420,0.08,132,104,0.00,0.00,0.00,0,4775.00,0.00,3,10
398,11:32:11 PM,0,425139,python3,1.00,2.00,0.00,0.00,3.00,4,17.00,0.00,208380,50420,0.08,132,104,0.00,0.00,0.00,0,4775.00,0.00,3,10
399,11:32:12 PM,0,425139,python3,1.00,1.00,0.00,0.00,2.00,4,17.00,0.00,208380,50420,0.08,132,104,0.00,0.00,0.00,0,4775.00,1.00,3,10
400,11:32:13 PM,0,425139,python3,0.00,2.00,0.00,0.00,2.00,4,17.00,0.00,208380,50420,0.08,132,104,0.00,0.00,0.00,0,4775.00,0.00,3,10
401,11:32:14 PM,0,425139,python3,1.00,2.00,0.00,0.00,3.00,4,17.00,0.00,208380,50420,0.08,132,104,0.00,0.00,0.00,0,4775.00,0.00,3,10
402,11:32:15 PM,0,425139,python3,0.00,2.00,0.00,0.00,2.00,4,17.00,0.00,208380,50420,0.08,132,104,0.00,0.00,0.00,0,4775.00,0.00,3,10
403,11:32:16 PM,0,425139,python3,1.00,1.00,0.00,0.00,2.00,4,17.00,0.00,208380,50420,0.08,132,104,0.00,0.00,0.00,0,4775.00,0.00,3,10
404,11:32:17 PM,0,425139,python3,2.00,1.00,0.00,0.00,3.00,4,17.00,0.00,208380,50420,0.08,132,104,0.00,0.00,0.00,0,4775.00,0.00,3,10
405,11:32:18 PM,0,425139,python3,2.00,0.00,0.00,0.00,2.00,4,17.00,0.00,208380,50420,0.08,132,104,0.00,0.00,0.00,0,4775.00,0.00,3,10
406,11:32:19 PM,0,425139,python3,1.00,3.00,0.00,0.00,4.00,4,17.00,0.00,208380,50420,0.08,132,104,0.00,0.00,0.00,0,4775.00,0.00,3,10
407,11:32:20 PM,0,425139,python3,0.00,0.00,0.00,0.00,0.00,4,11.00,0.00,208636,50420,0.08,132,104,0.00,0.00,0.00,0,873.00,0.00,3,11
408,11:32:21 PM,0,425139,python3,2.00,1.00,0.00,0.00,3.00,4,6.00,0.00,208380,50420,0.08,132,104,0.00,0.00,0.00,0,3902.00,1.00,3,10
409,11:32:22 PM,0,425139,python3,2.00,1.00,0.00,0.00,3.00,4,17.00,0.00,208380,50420,0.08,132,104,0.00,0.00,0.00,0,4775.00,0.00,3,10
410,11:32:23 PM,0,425139,python3,2.00,1.00,0.00,0.00,3.00,4,17.00,0.00,208380,50420,0.08,132,104,0.00,0.00,0.00,0,4775.00,0.00,3,10
411,11:32:24 PM,0,425139,python3,1.00,3.00,0.00,0.00,4.00,4,17.00,0.00,208380,50420,0.08,132,104,0.00,0.00,0.00,0,4775.00,0.00,3,10
412,11:32:25 PM,0,425139,python3,1.00,2.00,0.00,0.00,3.00,4,17.00,0.00,208380,50420,0.08,132,104,0.00,0.00,0.00,0,4775.00,0.00,3,10
413,11:32:26 PM,0,425139,python3,1.00,2.00,0.00,0.00,3.00,4,17.00,0.00,208380,50420,0.08,132,104,0.00,0.00,0.00,0,4775.00,0.00,3,10
414,11:32:27 PM,0,425139,python3,0.00,2.00,0.00,0.00,2.00,4,17.00,0.00,208380,50420,0.08,132,104,0.00,0.00,0.00,0,4775.00,0.00,3,10
415,11:32:28 PM,0,425139,python3,2.00,1.00,0.00,0.00,3.00,4,17.00,0.00,208380,50420,0.08,132,104,0.00,0.00,0.00,0,4775.00,0.00,3,10
416,11:32:29 PM,0,425139,python3,1.00,1.00,0.00,0.00,2.00,4,17.00,0.00,208380,50420,0.08,132,104,0.00,0.00,0.00,0,4775.00,0.00,3,10
417,11:32:30 PM,0,425139,python3,0.00,2.00,0.00,0.00,2.00,4,17.00,0.00,208380,50420,0.08,132,104,0.00,0.00,0.00,0,4775.00,0.00,3,10
418,11:32:31 PM,0,425139,python3,1.00,2.00,0.00,0.00,3.00,4,17.00,0.00,208380,50420,0.08,132,104,0.00,0.00,0.00,0,4775.00,1.00,3,10
419,11:32:32 PM,0,425139,python3,1.00,1.00,0.00,0.00,2.00,4,17.00,0.00,208380,50420,0.08,132,104,0.00,0.00,0.00,0,4775.00,0.00,3,10
420,11:32:33 PM,0,425139,python3,0.00,2.00,0.00,0.00,2.00,4,17.00,0.00,208380,50420,0.08,132,104,0.00,0.00,0.00,0,4775.00,0.00,3,10
421,11:32:34 PM,0,425139,python3,1.00,2.00,0.00,0.00,3.00,4,17.00,0.00,208380,50420,0.08,132,104,0.00,0.00,0.00,0,4775.00,0.00,3,10
422,11:32:35 PM,0,425139,python3,1.00,2.00,0.00,0.00,3.00,4,17.00,0.00,208380,50420,0.08,132,104,0.00,0.00,0.00,0,4775.00,0.00,3,10
423,11:32:36 PM,0,425139,python3,2.00,0.00,0.00,0.00,2.00,4,17.00,0.00,208380,50420,0.08,132,104,0.00,0.00,0.00,0,4775.00,0.00,3,10
424,11:32:37 PM,0,425139,python3,0.00,2.00,0.00,0.00,2.00,4,17.00,0.00,208380,50420,0.08,132,104,0.00,0.00,0.00,0,4775.00,0.00,3,10
425,11:32:38 PM,0,425139,python3,1.00,2.00,0.00,0.00,3.00,4,17.00,0.00,208380,50420,0.08,132,104,0.00,0.00,0.00,0,4775.00,0.00,3,10
426,11:32:39 PM,0,425139,python3,1.00,1.00,0.00,0.00,2.00,4,17.00,0.00,208380,50420,0.08,132,104,0.00,0.00,0.00,0,4775.00,0.00,3,10
427,11:32:40 PM,0,425139,python3,1.00,1.00,0.00,0.00,2.00,4,17.00,0.00,208380,50420,0.08,132,104,0.00,0.00,0.00,0,4775.00,0.00,3,10
428,11:32:41 PM,0,425139,python3,1.00,2.00,0.00,0.00,3.00,4,17.00,0.00,208380,50420,0.08,132,104,0.00,0.00,0.00,0,4775.00,0.00,3,10
429,11:32:42 PM,0,425139,python3,1.00,1.00,0.00,0.00,2.00,4,17.00,0.00,208380,50420,0.08,132,104,0.00,0.00,0.00,0,4775.00,0.00,3,10
430,11:32:43 PM,0,425139,python3,0.00,2.00,0.00,0.00,2.00,4,17.00,0.00,208380,50420,0.08,132,104,0.00,0.00,0.00,0,4775.00,0.00,3,10
431,11:32:44 PM,0,425139,python3,1.00,1.00,0.00,0.00,2.00,4,17.00,0.00,208636,50420,0.08,132,104,0.00,0.00,0.00,0,4058.00,0.00,3,10
432,11:32:45 PM,0,425139,python3,0.00,1.00,0.00,0.00,1.00,4,0.00,0.00,208380,50420,0.08,132,104,0.00,0.00,0.00,0,717.00,0.00,3,10
433,11:32:46 PM,0,425139,python3,1.00,1.00,0.00,0.00,2.00,4,17.00,0.00,208380,50420,0.08,132,104,0.00,0.00,0.00,0,4775.00,0.00,3,10
434,11:32:47 PM,0,425139,python3,0.00,2.00,0.00,0.00,2.00,4,17.00,0.00,208380,50420,0.08,132,104,0.00,0.00,0.00,0,4775.00,0.00,3,10
435,11:32:48 PM,0,425139,python3,1.00,1.00,0.00,0.00,2.00,4,17.00,0.00,208380,50420,0.08,132,104,0.00,0.00,0.00,0,4775.00,0.00,3,10
436,11:32:49 PM,0,425139,python3,2.00,2.00,0.00,0.00,4.00,4,17.00,0.00,208380,50420,0.08,132,104,0.00,0.00,0.00,0,4775.00,0.00,3,10
437,11:32:50 PM,0,425139,python3,0.00,1.00,0.00,0.00,1.00,4,17.00,0.00,208380,50420,0.08,132,104,0.00,0.00,0.00,0,4775.00,0.00,3,10
438,11:32:51 PM,0,425139,python3,1.00,2.00,0.00,0.00,3.00,4,17.00,0.00,208380,50420,0.08,132,104,0.00,0.00,0.00,0,4775.00,0.00,3,10
439,11:32:52 PM,0,425139,python3,1.00,2.00,0.00,0.00,3.00,4,17.00,0.00,208380,50420,0.08,132,104,0.00,0.00,0.00,0,4775.00,0.00,3,10
440,11:32:53 PM,0,425139,python3,1.00,1.00,0.00,0.00,2.00,4,17.00,0.00,208380,50420,0.08,132,104,0.00,0.00,0.00,0,4775.00,0.00,3,10
441,11:32:54 PM,0,425139,python3,0.00,2.00,0.00,0.00,2.00,4,17.00,0.00,208380,50420,0.08,132,104,0.00,0.00,0.00,0,4775.00,0.00,3,10
442,11:32:55 PM,0,425139,python3,2.00,1.00,0.00,0.00,3.00,4,17.00,0.00,208380,50420,0.08,132,104,0.00,0.00,0.00,0,4775.00,0.00,3,10
443,11:32:56 PM,0,425139,python3,1.00,1.00,0.00,0.00,2.00,4,17.00,0.00,208380,50420,0.08,132,104,0.00,0.00,0.00,0,4775.00,0.00,3,10
444,11:32:57 PM,0,425139,python3,0.00,2.00,0.00,0.00,2.00,4,17.00,0.00,208380,50420,0.08,132,104,0.00,0.00,0.00,0,4775.00,0.00,3,10
445,11:32:58 PM,0,425139,python3,0.00,2.00,0.00,0.00,2.00,4,17.00,0.00,208380,50420,0.08,132,104,0.00,0.00,0.00,0,4775.00,0.00,3,10
446,11:32:59 PM,0,425139,python3,1.00,2.00,0.00,0.00,3.00,4,17.00,0.00,208380,50420,0.08,132,104,0.00,0.00,0.00,0,4775.00,0.00,3,10
447,11:33:00 PM,0,425139,python3,0.00,2.00,0.00,0.00,2.00,4,17.00,0.00,208380,50420,0.08,132,104,0.00,0.00,0.00,0,4775.00,1.00,3,10
448,11:33:01 PM,0,425139,python3,1.00,2.00,0.00,0.00,3.00,4,17.00,0.00,208380,50420,0.08,132,104,0.00,0.00,0.00,0,4775.00,0.00,3,10
449,11:33:02 PM,0,425139,python3,1.00,2.00,0.00,0.00,3.00,4,17.00,0.00,208380,50420,0.08,132,104,0.00,0.00,0.00,0,4775.00,0.00,3,10
450,11:33:03 PM,0,425139,python3,0.00,2.00,0.00,0.00,2.00,4,17.00,0.00,208380,50420,0.08,132,104,0.00,0.00,0.00,0,4775.00,0.00,3,10
451,11:33:04 PM,0,425139,python3,1.00,1.00,0.00,0.00,2.00,4,17.00,0.00,208380,50420,0.08,132,104,0.00,0.00,0.00,0,4775.00,0.00,3,10
452,11:33:05 PM,0,425139,python3,0.00,2.00,0.00,0.00,2.00,4,17.00,0.00,208380,50420,0.08,132,104,0.00,0.00,0.00,0,4775.00,0.00,3,10
453,11:33:06 PM,0,425139,python3,1.00,2.00,0.00,0.00,3.00,4,17.00,0.00,208380,50420,0.08,132,104,0.00,0.00,0.00,0,4775.00,0.00,3,10
454,11:33:07 PM,0,425139,python3,0.00,2.00,0.00,0.00,2.00,4,17.00,0.00,208380,50420,0.08,132,104,0.00,0.00,0.00,0,4775.00,0.00,3,10
455,11:33:08 PM,0,425139,python3,0.00,2.00,0.00,0.00,2.00,4,17.00,0.00,208380,50420,0.08,132,104,0.00,0.00,0.00,0,4775.00,0.00,3,10
456,11:33:09 PM,0,425139,python3,1.00,2.00,0.00,0.00,3.00,4,17.00,0.00,208380,50420,0.08,132,104,0.00,0.00,0.00,0,4775.00,0.00,3,10
457,11:33:10 PM,0,425139,python3,0.00,0.00,0.00,0.00,0.00,4,11.00,0.00,208636,50420,0.08,132,104,0.00,0.00,0.00,0,804.00,0.00,3,11
458,11:33:11 PM,0,425139,python3,1.00,1.00,0.00,0.00,2.00,4,6.00,0.00,208380,50420,0.08,132,104,0.00,0.00,0.00,0,3971.00,0.00,3,10
459,11:33:12 PM,0,425139,python3,1.00,2.00,0.00,0.00,3.00,4,17.00,0.00,208380,50420,0.08,132,104,0.00,0.00,0.00,0,4775.00,0.00,3,10
460,11:33:13 PM,0,425139,python3,2.00,1.00,0.00,0.00,3.00,4,17.00,0.00,208380,50420,0.08,132,104,0.00,0.00,0.00,0,4775.00,0.00,3,10
461,11:33:14 PM,0,425139,python3,0.00,2.00,0.00,0.00,2.00,4,17.00,0.00,208380,50420,0.08,132,104,0.00,0.00,0.00,0,4775.00,0.00,3,10
462,11:33:15 PM,0,425139,python3,2.00,0.00,0.00,0.00,2.00,4,17.00,0.00,208380,50420,0.08,132,104,0.00,0.00,0.00,0,4775.00,0.00,3,10
463,11:33:16 PM,0,425139,python3,1.00,2.00,0.00,0.00,3.00,4,17.00,0.00,208380,50420,0.08,132,104,0.00,0.00,0.00,0,4775.00,0.00,3,10
464,11:33:17 PM,0,425139,python3,0.00,2.00,0.00,0.00,2.00,4,17.00,0.00,208380,50420,0.08,132,104,0.00,0.00,0.00,0,4775.00,0.00,3,10
465,11:33:18 PM,0,425139,python3,1.00,1.00,0.00,0.00,2.00,4,17.00,0.00,208380,50420,0.08,132,104,0.00,0.00,0.00,0,4775.00,0.00,3,10
466,11:33:19 PM,0,425139,python3,1.00,2.00,0.00,0.00,3.00,4,17.00,0.00,208380,50420,0.08,132,104,0.00,0.00,0.00,0,4775.00,0.00,3,10
467,11:33:20 PM,0,425139,python3,1.00,2.00,0.00,0.00,3.00,4,17.00,0.00,208380,50420,0.08,132,104,0.00,0.00,0.00,0,4775.00,0.00,3,10
468,11:33:21 PM,0,425139,python3,1.00,1.00,0.00,0.00,2.00,4,17.00,0.00,208380,50420,0.08,132,104,0.00,0.00,0.00,0,4775.00,0.00,3,10
469,11:33:22 PM,0,425139,python3,1.00,1.00,0.00,0.00,2.00,4,17.00,0.00,208380,50420,0.08,132,104,0.00,0.00,0.00,0,4775.00,0.00,3,10
470,11:33:23 PM,0,425139,python3,0.00,2.00,0.00,0.00,2.00,4,17.00,0.00,208380,50420,0.08,132,104,0.00,0.00,0.00,0,4775.00,0.00,3,10
471,11:33:24 PM,0,425139,python3,1.00,1.00,0.00,0.00,2.00,4,17.00,0.00,208380,50420,0.08,132,104,0.00,0.00,0.00,0,4775.00,0.00,3,10
472,11:33:25 PM,0,425139,python3,1.00,2.00,0.00,0.00,3.00,4,17.00,0.00,208380,50420,0.08,132,104,0.00,0.00,0.00,0,4775.00,0.00,3,10
473,11:33:26 PM,0,425139,python3,1.00,1.00,0.00,0.00,2.00,4,17.00,0.00,208380,50420,0.08,132,104,0.00,0.00,0.00,0,4775.00,0.00,3,10
474,11:33:27 PM,0,425139,python3,1.00,2.00,0.00,0.00,3.00,4,17.00,0.00,208380,50420,0.08,132,104,0.00,0.00,0.00,0,4775.00,0.00,3,10
475,11:33:28 PM,0,425139,python3,0.00,2.00,0.00,0.00,2.00,4,17.00,0.00,208380,50420,0.08,132,104,0.00,0.00,0.00,0,4775.00,0.00,3,10
476,11:33:29 PM,0,425139,python3,1.00,2.00,0.00,0.00,3.00,4,17.00,0.00,208380,50420,0.08,132,104,0.00,0.00,0.00,0,4775.00,0.00,3,10
477,11:33:30 PM,0,425139,python3,1.00,1.00,0.00,0.00,2.00,4,17.00,0.00,208380,50420,0.08,132,104,0.00,0.00,0.00,0,4775.00,0.00,3,10
478,11:33:31 PM,0,425139,python3,1.00,2.00,0.00,0.00,3.00,4,17.00,0.00,208380,50420,0.08,132,104,0.00,0.00,0.00,0,4775.00,0.00,3,10
479,11:33:32 PM,0,425139,python3,0.00,2.00,0.00,0.00,2.00,4,17.00,0.00,208380,50420,0.08,132,104,0.00,0.00,0.00,0,4775.00,0.00,3,10
480,11:33:33 PM,0,425139,python3,1.00,1.00,0.00,0.00,2.00,4,17.00,0.00,208380,50420,0.08,132,104,0.00,0.00,0.00,0,4775.00,0.00,3,10
481,11:33:34 PM,0,425139,python3,1.00,2.00,0.00,0.00,3.00,4,17.00,0.00,208380,50420,0.08,132,104,0.00,0.00,0.00,0,4775.00,0.00,3,10
482,11:33:35 PM,0,425139,python3,0.00,1.00,0.00,0.00,1.00,4,17.00,0.00,208636,50420,0.08,132,104,0.00,0.00,0.00,0,2409.00,0.00,3,10
483,11:33:36 PM,0,425139,python3,0.00,1.00,0.00,0.00,1.00,4,0.00,0.00,208380,50420,0.08,132,104,0.00,0.00,0.00,0,2366.00,0.00,3,10
484,11:33:37 PM,0,425139,python3,1.00,2.00,0.00,0.00,3.00,4,17.00,0.00,208380,50420,0.08,132,104,0.00,0.00,0.00,0,4775.00,0.00,3,10
485,11:33:38 PM,0,425139,python3,1.00,2.00,0.00,0.00,3.00,4,17.00,0.00,208380,50420,0.08,132,104,0.00,0.00,0.00,0,4775.00,0.00,3,10
486,11:33:39 PM,0,425139,python3,1.00,1.00,0.00,0.00,2.00,4,17.00,0.00,208380,50420,0.08,132,104,0.00,0.00,0.00,0,4775.00,0.00,3,10
487,11:33:40 PM,0,425139,python3,1.00,2.00,0.00,0.00,3.00,4,17.00,0.00,208380,50420,0.08,132,104,0.00,0.00,0.00,0,4775.00,0.00,3,10
488,11:33:41 PM,0,425139,python3,1.00,0.00,0.00,0.00,1.00,4,17.00,0.00,208380,50420,0.08,132,104,0.00,0.00,0.00,0,4775.00,0.00,3,10
489,11:33:42 PM,0,425139,python3,1.00,2.00,0.00,0.00,3.00,4,17.00,0.00,208380,50420,0.08,132,104,0.00,0.00,0.00,0,4775.00,0.00,3,10
490,11:33:43 PM,0,425139,python3,1.00,1.00,0.00,0.00,2.00,4,17.00,0.00,208380,50420,0.08,132,104,0.00,0.00,0.00,0,4775.00,0.00,3,10
491,11:33:44 PM,0,425139,python3,1.00,2.00,0.00,0.00,3.00,4,17.00,0.00,208380,50420,0.08,132,104,0.00,0.00,0.00,0,4775.00,0.00,3,10
492,11:33:45 PM,0,425139,python3,0.00,2.00,0.00,0.00,2.00,4,17.00,0.00,208380,50420,0.08,132,104,0.00,0.00,0.00,0,4775.00,0.00,3,10
493,11:33:46 PM,0,425139,python3,2.00,1.00,0.00,0.00,3.00,4,17.00,0.00,208380,50420,0.08,132,104,0.00,0.00,0.00,0,4775.00,0.00,3,10
494,11:33:47 PM,0,425139,python3,0.00,2.00,0.00,0.00,2.00,4,17.00,0.00,208380,50420,0.08,132,104,0.00,0.00,0.00,0,4775.00,0.00,3,10
495,11:33:48 PM,0,425139,python3,1.00,2.00,0.00,0.00,3.00,4,17.00,0.00,208380,50420,0.08,132,104,0.00,0.00,0.00,0,4779.00,2.00,3,10
496,11:33:49 PM,0,425139,python3,0.00,2.00,0.00,0.00,2.00,4,17.00,0.00,208380,50420,0.08,132,104,0.00,0.00,0.00,0,4775.00,0.00,3,10
497,11:33:50 PM,0,425139,python3,1.00,1.00,0.00,0.00,2.00,4,17.00,0.00,208380,50420,0.08,132,104,0.00,0.00,0.00,0,4775.00,1.00,3,10
498,11:33:51 PM,0,425139,python3,1.00,2.00,0.00,0.00,3.00,4,17.00,0.00,208380,50420,0.08,132,104,0.00,0.00,0.00,0,4775.00,0.00,3,10
499,11:33:52 PM,0,425139,python3,0.00,2.00,0.00,0.00,2.00,4,17.00,0.00,208380,50420,0.08,132,104,0.00,0.00,0.00,0,4775.00,0.00,3,10
500,11:33:53 PM,0,425139,python3,1.00,1.00,0.00,0.00,2.00,4,17.00,0.00,208380,50420,0.08,132,104,0.00,0.00,0.00,0,4775.00,0.00,3,10
501,11:33:54 PM,0,425139,python3,1.00,2.00,0.00,0.00,3.00,4,17.00,0.00,208380,50420,0.08,132,104,0.00,0.00,0.00,0,4775.00,0.00,3,10
502,11:33:55 PM,0,425139,python3,0.00,2.00,0.00,0.00,2.00,4,17.00,0.00,208380,50420,0.08,132,104,0.00,0.00,0.00,0,4775.00,0.00,3,10
503,11:33:56 PM,0,425139,python3,2.00,1.00,0.00,0.00,3.00,4,17.00,0.00,208380,50420,0.08,132,104,0.00,0.00,0.00,0,4775.00,0.00,3,10
504,11:33:57 PM,0,425139,python3,1.00,1.00,0.00,0.00,2.00,4,17.00,0.00,208380,50420,0.08,132,104,0.00,0.00,0.00,0,4775.00,0.00,3,10
505,11:33:58 PM,0,425139,python3,0.00,2.00,0.00,0.00,2.00,4,17.00,0.00,208380,50420,0.08,132,104,0.00,0.00,0.00,0,4775.00,0.00,3,10
506,11:33:59 PM,0,425139,python3,1.00,2.00,0.00,0.00,3.00,4,17.00,0.00,208380,50420,0.08,132,104,0.00,0.00,0.00,0,4775.00,0.00,3,10
507,11:34:00 PM,0,425139,python3,0.00,2.00,0.00,0.00,2.00,4,17.00,0.00,208636,50420,0.08,132,104,0.00,0.00,0.00,0,4506.00,0.00,3,10
508,11:34:01 PM,0,425139,python3,0.00,0.00,0.00,0.00,0.00,4,0.00,0.00,208380,50420,0.08,132,104,0.00,0.00,0.00,0,269.00,0.00,3,10
509,11:34:02 PM,0,425139,python3,1.00,1.00,0.00,0.00,2.00,4,17.00,0.00,208380,50420,0.08,132,104,0.00,0.00,0.00,0,4775.00,0.00,3,10
510,11:34:03 PM,0,425139,python3,1.00,2.00,0.00,0.00,3.00,4,17.00,0.00,208380,50420,0.08,132,104,0.00,0.00,0.00,0,4775.00,0.00,3,10
511,11:34:04 PM,0,425139,python3,0.00,3.00,0.00,0.00,3.00,4,17.00,0.00,208380,50420,0.08,132,104,0.00,0.00,0.00,0,4775.00,0.00,3,10
512,11:34:05 PM,0,425139,python3,0.00,1.00,0.00,0.00,1.00,4,17.00,0.00,208380,50420,0.08,132,104,0.00,0.00,0.00,0,4775.00,0.00,3,10
513,11:34:06 PM,0,425139,python3,1.00,2.00,0.00,0.00,3.00,4,17.00,0.00,208380,50420,0.08,132,104,0.00,0.00,0.00,0,4775.00,0.00,3,10
514,11:34:07 PM,0,425139,python3,1.00,2.00,0.00,0.00,3.00,4,17.00,0.00,208380,50420,0.08,132,104,0.00,0.00,0.00,0,4775.00,0.00,3,10
515,11:34:08 PM,0,425139,python3,1.00,1.00,0.00,0.00,2.00,4,17.00,0.00,208380,50420,0.08,132,104,0.00,0.00,0.00,0,4775.00,0.00,3,10
516,11:34:09 PM,0,425139,python3,0.00,2.00,0.00,0.00,2.00,4,17.00,0.00,208380,50420,0.08,132,104,0.00,0.00,0.00,0,4775.00,0.00,3,10
517,11:34:10 PM,0,425139,python3,1.00,2.00,0.00,0.00,3.00,4,17.00,0.00,208380,50420,0.08,132,104,0.00,0.00,0.00,0,4775.00,0.00,3,10
518,11:34:11 PM,0,425139,python3,1.00,1.00,0.00,0.00,2.00,4,17.00,0.00,208380,50420,0.08,132,104,0.00,0.00,0.00,0,4775.00,0.00,3,10
519,11:34:12 PM,0,425139,python3,1.00,1.00,0.00,0.00,2.00,4,17.00,0.00,208380,50420,0.08,132,104,0.00,0.00,0.00,0,4775.00,0.00,3,10
520,11:34:13 PM,0,425139,python3,1.00,2.00,0.00,0.00,3.00,4,17.00,0.00,208380,50420,0.08,132,104,0.00,0.00,0.00,0,4775.00,0.00,3,10
521,11:34:14 PM,0,425139,python3,0.00,2.00,0.00,0.00,2.00,4,17.00,0.00,208380,50420,0.08,132,104,0.00,0.00,0.00,0,4775.00,0.00,3,10
522,11:34:15 PM,0,425139,python3,1.00,2.00,0.00,0.00,3.00,4,17.00,0.00,208380,50420,0.08,132,104,0.00,0.00,0.00,0,4775.00,0.00,3,10
523,11:34:16 PM,0,425139,python3,0.00,2.00,0.00,0.00,2.00,4,17.00,0.00,208380,50420,0.08,132,104,0.00,0.00,0.00,0,4775.00,0.00,3,10
524,11:34:17 PM,0,425139,python3,1.00,1.00,0.00,0.00,2.00,4,17.00,0.00,208380,50420,0.08,132,104,0.00,0.00,0.00,0,4775.00,1.00,3,10
525,11:34:18 PM,0,425139,python3,1.00,2.00,0.00,0.00,3.00,4,17.00,0.00,208380,50420,0.08,132,104,0.00,0.00,0.00,0,4775.00,0.00,3,10
526,11:34:19 PM,0,425139,python3,0.00,2.00,0.00,0.00,2.00,4,17.00,0.00,208380,50420,0.08,132,104,0.00,0.00,0.00,0,4775.00,0.00,3,10
527,11:34:20 PM,0,425139,python3,1.00,1.00,0.00,0.00,2.00,4,17.00,0.00,208380,50420,0.08,132,104,0.00,0.00,0.00,0,4775.00,0.00,3,10
528,11:34:21 PM,0,425139,python3,1.00,1.00,0.00,0.00,2.00,4,17.00,0.00,208380,50420,0.08,132,104,0.00,0.00,0.00,0,4775.00,0.00,3,10
529,11:34:22 PM,0,425139,python3,1.00,2.00,0.00,0.00,3.00,4,17.00,0.00,208380,50420,0.08,132,104,0.00,0.00,0.00,0,4775.00,0.00,3,10
530,11:34:23 PM,0,425139,python3,0.00,2.00,0.00,0.00,2.00,4,17.00,0.00,208380,50420,0.08,132,104,0.00,0.00,0.00,0,4775.00,0.00,3,10
531,11:34:24 PM,0,425139,python3,0.00,2.00,0.00,0.00,2.00,4,17.00,0.00,208380,50420,0.08,132,104,0.00,0.00,0.00,0,4775.00,0.00,3,10
532,11:34:25 PM,0,425139,python3,0.00,3.00,0.00,0.00,3.00,4,17.00,0.00,208380,50420,0.08,132,104,0.00,0.00,0.00,0,4775.00,0.00,3,10
533,11:34:26 PM,0,425139,python3,0.00,1.00,0.00,0.00,1.00,4,17.00,0.00,208636,50420,0.08,132,104,0.00,0.00,0.00,0,2406.00,0.00,3,10
534,11:34:27 PM,0,425139,python3,0.00,1.00,0.00,0.00,1.00,4,0.00,0.00,208380,50420,0.08,132,104,0.00,0.00,0.00,0,2369.00,0.00,3,10
535,11:34:28 PM,0,425139,python3,1.00,1.00,0.00,0.00,2.00,4,17.00,0.00,208380,50420,0.08,132,104,0.00,0.00,0.00,0,4775.00,0.00,3,10
536,11:34:29 PM,0,425139,python3,2.00,2.00,0.00,0.00,4.00,4,17.00,0.00,208380,50420,0.08,132,104,0.00,0.00,0.00,0,4775.00,0.00,3,10
537,11:34:30 PM,0,425139,python3,0.00,1.00,0.00,0.00,1.00,4,17.00,0.00,208380,50420,0.08,132,104,0.00,0.00,0.00,0,4775.00,0.00,3,10
538,11:34:31 PM,0,425139,python3,2.00,1.00,0.00,0.00,3.00,4,17.00,0.00,208380,50420,0.08,132,104,0.00,0.00,0.00,0,4775.00,0.00,3,10
539,11:34:32 PM,0,425139,python3,0.00,2.00,0.00,0.00,2.00,4,17.00,0.00,208380,50420,0.08,132,104,0.00,0.00,0.00,0,4775.00,0.00,3,10
540,11:34:33 PM,0,425139,python3,0.00,3.00,0.00,0.00,3.00,4,17.00,0.00,208380,50420,0.08,132,104,0.00,0.00,0.00,0,4775.00,0.00,3,10
541,11:34:34 PM,0,425139,python3,2.00,1.00,0.00,0.00,3.00,4,17.00,0.00,208380,50420,0.08,132,104,0.00,0.00,0.00,0,4775.00,0.00,3,10
542,11:34:35 PM,0,425139,python3,0.00,1.00,0.00,0.00,1.00,4,17.00,0.00,208380,50420,0.08,132,104,0.00,0.00,0.00,0,4775.00,0.00,3,10
543,11:34:36 PM,0,425139,python3,1.00,2.00,0.00,0.00,3.00,4,17.00,0.00,208380,50420,0.08,132,104,0.00,0.00,0.00,0,4775.00,0.00,3,10
544,11:34:37 PM,0,425139,python3,0.00,2.00,0.00,0.00,2.00,4,17.00,0.00,208380,50420,0.08,132,104,0.00,0.00,0.00,0,4775.00,0.00,3,10
545,11:34:38 PM,0,425139,python3,1.00,2.00,0.00,0.00,3.00,4,17.00,0.00,208380,50420,0.08,132,104,0.00,0.00,0.00,0,4775.00,0.00,3,10
546,11:34:39 PM,0,425139,python3,0.00,2.00,0.00,0.00,2.00,4,17.00,0.00,208380,50420,0.08,132,104,0.00,0.00,0.00,0,4775.00,0.00,3,10
547,11:34:40 PM,0,425139,python3,0.00,2.00,0.00,0.00,2.00,4,17.00,0.00,208380,50420,0.08,132,104,0.00,0.00,0.00,0,4775.00,1.00,3,10
548,11:34:41 PM,0,425139,python3,2.00,1.00,0.00,0.00,3.00,4,17.00,0.00,208380,50420,0.08,132,104,0.00,0.00,0.00,0,4775.00,1.00,3,10
549,11:34:42 PM,0,425139,python3,1.00,2.00,0.00,0.00,3.00,4,17.00,0.00,208380,50420,0.08,132,104,0.00,0.00,0.00,0,4775.00,0.00,3,10
550,11:34:43 PM,0,425139,python3,1.00,1.00,0.00,0.00,2.00,4,17.00,0.00,208380,50420,0.08,132,104,0.00,0.00,0.00,0,4775.00,0.00,3,10
551,11:34:44 PM,0,425139,python3,1.00,1.00,0.00,0.00,2.00,4,17.00,0.00,208380,50420,0.08,132,104,0.00,0.00,0.00,0,4775.00,0.00,3,10
552,11:34:45 PM,0,425139,python3,0.00,3.00,0.00,0.00,3.00,4,17.00,0.00,208380,50420,0.08,132,104,0.00,0.00,0.00,0,4775.00,0.00,3,10
553,11:34:46 PM,0,425139,python3,0.00,1.00,0.00,0.00,1.00,4,17.00,0.00,208380,50420,0.08,132,104,0.00,0.00,0.00,0,4775.00,0.00,3,10
554,11:34:47 PM,0,425139,python3,2.00,1.00,0.00,0.00,3.00,4,17.00,0.00,208380,50420,0.08,132,104,0.00,0.00,0.00,0,4775.00,0.00,3,10
555,11:34:48 PM,0,425139,python3,0.00,2.00,0.00,0.00,2.00,4,17.00,0.00,208380,50420,0.08,132,104,0.00,0.00,0.00,0,4775.00,0.00,3,10
556,11:34:49 PM,0,425139,python3,0.00,2.00,0.00,0.00,2.00,4,17.00,0.00,208380,50420,0.08,132,104,0.00,0.00,0.00,0,4775.00,0.00,3,10
557,11:34:50 PM,0,425139,python3,1.00,2.00,0.00,0.00,3.00,4,17.00,0.00,208380,50420,0.08,132,104,0.00,0.00,0.00,0,4775.00,0.00,3,10
558,11:34:51 PM,0,425139,python3,0.00,2.00,0.00,0.00,2.00,4,17.00,0.00,208380,50420,0.08,132,104,0.00,0.00,0.00,0,4775.00,0.00,3,10
559,11:34:52 PM,0,425139,python3,0.00,1.00,0.00,0.00,1.00,4,7.00,0.00,208636,50420,0.08,132,104,0.00,0.00,0.00,0,366.00,0.00,3,10
560,11:34:53 PM,0,425139,python3,1.00,1.00,0.00,0.00,2.00,4,10.00,0.00,208380,50420,0.08,132,104,0.00,0.00,0.00,0,4409.00,0.00,3,10
561,11:34:54 PM,0,425139,python3,0.00,2.00,0.00,0.00,2.00,4,17.00,0.00,208380,50420,0.08,132,104,0.00,0.00,0.00,0,4775.00,1.00,3,10
562,11:34:55 PM,0,425139,python3,1.00,2.00,0.00,0.00,3.00,4,17.00,0.00,208380,50420,0.08,132,104,0.00,0.00,0.00,0,4775.00,0.00,3,10
563,11:34:56 PM,0,425139,python3,1.00,1.00,0.00,0.00,2.00,4,17.00,0.00,208380,50420,0.08,132,104,0.00,0.00,0.00,0,4775.00,0.00,3,10
564,11:34:57 PM,0,425139,python3,1.00,1.00,0.00,0.00,2.00,4,17.00,0.00,208380,50420,0.08,132,104,0.00,0.00,0.00,0,4775.00,0.00,3,10
565,11:34:58 PM,0,425139,python3,0.00,2.00,0.00,0.00,2.00,4,17.00,0.00,208380,50420,0.08,132,104,0.00,0.00,0.00,0,4775.00,0.00,3,10
566,11:34:59 PM,0,425139,python3,1.00,2.00,0.00,0.00,3.00,4,17.00,0.00,208380,50420,0.08,132,104,0.00,0.00,0.00,0,4775.00,0.00,3,10
567,11:35:00 PM,0,425139,python3,1.00,2.00,0.00,0.00,3.00,4,17.00,0.00,208380,50420,0.08,132,104,0.00,0.00,0.00,0,4775.00,0.00,3,10
568,11:35:01 PM,0,425139,python3,1.00,1.00,0.00,0.00,2.00,4,17.00,0.00,208380,50420,0.08,132,104,0.00,0.00,0.00,0,4775.00,0.00,3,10
569,11:35:02 PM,0,425139,python3,1.00,2.00,0.00,0.00,3.00,4,17.00,0.00,208380,50420,0.08,132,104,0.00,0.00,0.00,0,4775.00,0.00,3,10
570,11:35:03 PM,0,425139,python3,0.00,2.00,0.00,0.00,2.00,4,17.00,0.00,208380,50420,0.08,132,104,0.00,0.00,0.00,0,4775.00,0.00,3,10
571,11:35:04 PM,0,425139,python3,1.00,1.00,0.00,0.00,2.00,4,17.00,0.00,208380,50420,0.08,132,104,0.00,0.00,0.00,0,4775.00,0.00,3,10
572,11:35:05 PM,0,425139,python3,0.00,3.00,0.00,0.00,3.00,4,17.00,0.00,208380,50420,0.08,132,104,0.00,0.00,0.00,0,4775.00,0.00,3,10
573,11:35:06 PM,0,425139,python3,0.00,2.00,0.00,0.00,2.00,4,17.00,0.00,208380,50420,0.08,132,104,0.00,0.00,0.00,0,4775.00,0.00,3,10
574,11:35:07 PM,0,425139,python3,0.00,2.00,0.00,0.00,2.00,4,17.00,0.00,208380,50420,0.08,132,104,0.00,0.00,0.00,0,4775.00,0.00,3,10
575,11:35:08 PM,0,425139,python3,0.00,2.00,0.00,0.00,2.00,4,17.00,0.00,208380,50420,0.08,132,104,0.00,0.00,0.00,0,4775.00,0.00,3,10
576,11:35:09 PM,0,425139,python3,2.00,1.00,0.00,0.00,3.00,4,17.00,0.00,208380,50420,0.08,132,104,0.00,0.00,0.00,0,4775.00,0.00,3,10
577,11:35:10 PM,0,425139,python3,1.00,2.00,0.00,0.00,3.00,4,17.00,0.00,208380,50420,0.08,132,104,0.00,0.00,0.00,0,4775.00,0.00,3,10
578,11:35:11 PM,0,425139,python3,1.00,1.00,0.00,0.00,2.00,4,17.00,0.00,208380,50420,0.08,132,104,0.00,0.00,0.00,0,4775.00,0.00,3,10
579,11:35:12 PM,0,425139,python3,0.00,2.00,0.00,0.00,2.00,4,17.00,0.00,208380,50420,0.08,132,104,0.00,0.00,0.00,0,4775.00,0.00,3,10
580,11:35:13 PM,0,425139,python3,1.00,2.00,0.00,0.00,3.00,4,17.00,0.00,208380,50420,0.08,132,104,0.00,0.00,0.00,0,4775.00,0.00,3,10
581,11:35:14 PM,0,425139,python3,0.00,2.00,0.00,0.00,2.00,4,17.00,0.00,208380,50420,0.08,132,104,0.00,0.00,0.00,0,4775.00,0.00,3,10
582,11:35:15 PM,0,425139,python3,1.00,2.00,0.00,0.00,3.00,4,17.00,0.00,208380,50420,0.08,132,104,0.00,0.00,0.00,0,4775.00,0.00,3,10
583,11:35:16 PM,0,425139,python3,1.00,1.00,0.00,0.00,2.00,4,17.00,0.00,208380,50420,0.08,132,104,0.00,0.00,0.00,0,4775.00,0.00,3,10
584,11:35:17 PM,0,425139,python3,0.00,2.00,0.00,0.00,2.00,4,17.00,0.00,208636,50420,0.08,132,104,0.00,0.00,0.00,0,4290.00,0.00,3,10
585,11:35:18 PM,0,425139,python3,0.00,0.00,0.00,0.00,0.00,4,0.00,0.00,208380,50420,0.08,132,104,0.00,0.00,0.00,0,485.00,0.00,3,10
586,11:35:19 PM,0,425139,python3,1.00,2.00,0.00,0.00,3.00,4,17.00,0.00,208380,50420,0.08,132,104,0.00,0.00,0.00,0,4775.00,0.00,3,10
587,11:35:20 PM,0,425139,python3,0.00,2.00,0.00,0.00,2.00,4,17.00,0.00,208380,50420,0.08,132,104,0.00,0.00,0.00,0,4775.00,0.00,3,10
588,11:35:21 PM,0,425139,python3,1.00,1.00,0.00,0.00,2.00,4,17.00,0.00,208380,50420,0.08,132,104,0.00,0.00,0.00,0,4775.00,0.00,3,10
589,11:35:22 PM,0,425139,python3,1.00,2.00,0.00,0.00,3.00,4,17.00,0.00,208380,50420,0.08,132,104,0.00,0.00,0.00,0,4775.00,0.00,3,10
590,11:35:23 PM,0,425139,python3,1.00,1.00,0.00,0.00,2.00,4,17.00,0.00,208380,50420,0.08,132,104,0.00,0.00,0.00,0,4775.00,0.00,3,10
591,11:35:24 PM,0,425139,python3,0.00,3.00,0.00,0.00,3.00,4,17.00,0.00,208380,50420,0.08,132,104,0.00,0.00,0.00,0,4775.00,0.00,3,10
592,11:35:25 PM,0,425139,python3,0.00,2.00,0.00,0.00,2.00,4,17.00,0.00,208380,50420,0.08,132,104,0.00,0.00,0.00,0,4775.00,0.00,3,10
593,11:35:26 PM,0,425139,python3,1.00,2.00,0.00,0.00,3.00,4,17.00,0.00,208380,50420,0.08,132,104,0.00,0.00,0.00,0,4775.00,0.00,3,10
594,11:35:27 PM,0,425139,python3,1.00,1.00,0.00,0.00,2.00,4,17.00,0.00,208380,50420,0.08,132,104,0.00,0.00,0.00,0,4775.00,0.00,3,10
595,11:35:28 PM,0,425139,python3,2.00,1.00,0.00,0.00,3.00,4,17.00,0.00,208380,50420,0.08,132,104,0.00,0.00,0.00,0,4775.00,0.00,3,10
596,11:35:29 PM,0,425139,python3,0.00,2.00,0.00,0.00,2.00,4,17.00,0.00,208380,50420,0.08,132,104,0.00,0.00,0.00,0,4775.00,0.00,3,10
597,11:35:30 PM,0,425139,python3,1.00,2.00,0.00,0.00,3.00,4,17.00,0.00,208380,50420,0.08,132,104,0.00,0.00,0.00,0,4775.00,0.00,3,10
598,11:35:31 PM,0,425139,python3,0.00,1.00,0.00,0.00,1.00,4,17.00,0.00,208380,50420,0.08,132,104,0.00,0.00,0.00,0,4775.00,1.00,3,10
599,11:35:32 PM,0,425139,python3,2.00,1.00,0.00,0.00,3.00,4,17.00,0.00,208380,50420,0.08,132,104,0.00,0.00,0.00,0,4775.00,0.00,3,10
600,11:35:33 PM,0,425139,python3,1.00,1.00,0.00,0.00,2.00,4,17.00,0.00,208380,50420,0.08,132,104,0.00,0.00,0.00,0,4775.00,0.00,3,10
601,11:35:34 PM,0,425139,python3,1.00,2.00,0.00,0.00,3.00,4,17.00,0.00,208380,50420,0.08,132,104,0.00,0.00,0.00,0,4775.00,1.00,3,10
602,11:35:35 PM,0,425139,python3,1.00,1.00,0.00,0.00,2.00,4,17.00,0.00,208380,50420,0.08,132,104,0.00,0.00,0.00,0,4775.00,0.00,3,10
603,11:35:36 PM,0,425139,python3,0.00,2.00,0.00,0.00,2.00,4,17.00,0.00,208380,50420,0.08,132,104,0.00,0.00,0.00,0,4775.00,0.00,3,10
604,11:35:37 PM,0,425139,python3,2.00,1.00,0.00,0.00,3.00,4,17.00,0.00,208380,50420,0.08,132,104,0.00,0.00,0.00,0,4775.00,0.00,3,10
605,11:35:38 PM,0,425139,python3,0.00,2.00,0.00,0.00,2.00,4,17.00,0.00,208380,50420,0.08,132,104,0.00,0.00,0.00,0,4775.00,0.00,3,10
606,11:35:39 PM,0,425139,python3,1.00,2.00,0.00,0.00,3.00,4,17.00,0.00,208380,50420,0.08,132,104,0.00,0.00,0.00,0,4775.00,0.00,3,10
607,11:35:40 PM,0,425139,python3,1.00,1.00,0.00,0.00,2.00,4,17.00,0.00,208380,50420,0.08,132,104,0.00,0.00,0.00,0,4775.00,0.00,3,10
608,11:35:41 PM,0,425139,python3,0.00,2.00,0.00,0.00,2.00,4,17.00,0.00,208380,50420,0.08,132,104,0.00,0.00,0.00,0,4775.00,0.00,3,10
609,11:35:42 PM,0,425139,python3,1.00,2.00,0.00,0.00,3.00,4,17.00,0.00,208380,50420,0.08,132,104,0.00,0.00,0.00,0,4775.00,0.00,3,10
610,11:35:43 PM,0,425139,python3,0.00,1.00,0.00,0.00,1.00,4,17.00,0.00,208636,50420,0.08,132,104,0.00,0.00,0.00,0,2165.00,0.00,3,10
611,11:35:44 PM,0,425139,python3,0.00,1.00,0.00,0.00,1.00,4,0.00,0.00,208380,50420,0.08,132,104,0.00,0.00,0.00,0,2610.00,0.00,3,10
612,11:35:45 PM,0,425139,python3,1.00,2.00,0.00,0.00,3.00,4,17.00,0.00,208380,50420,0.08,132,104,0.00,0.00,0.00,0,4775.00,0.00,3,10
613,11:35:46 PM,0,425139,python3,1.00,1.00,0.00,0.00,2.00,4,17.00,0.00,208380,50420,0.08,132,104,0.00,0.00,0.00,0,4775.00,1.00,3,10
614,11:35:47 PM,0,425139,python3,1.00,1.00,0.00,0.00,2.00,4,17.00,0.00,208380,50420,0.08,132,104,0.00,0.00,0.00,0,4775.00,0.00,3,10
615,11:35:48 PM,0,425139,python3,1.00,2.00,0.00,0.00,3.00,4,17.00,0.00,208380,50420,0.08,132,104,0.00,0.00,0.00,0,4775.00,0.00,3,10
616,11:35:49 PM,0,425139,python3,0.00,2.00,0.00,0.00,2.00,4,17.00,0.00,208380,50420,0.08,132,104,0.00,0.00,0.00,0,4775.00,0.00,3,10
617,11:35:50 PM,0,425139,python3,1.00,2.00,0.00,0.00,3.00,4,17.00,0.00,208380,50420,0.08,132,104,0.00,0.00,0.00,0,4775.00,0.00,3,10
618,11:35:51 PM,0,425139,python3,0.00,1.00,0.00,0.00,1.00,4,17.00,0.00,208380,50420,0.08,132,104,0.00,0.00,0.00,0,4775.00,0.00,3,10
619,11:35:52 PM,0,425139,python3,1.00,2.00,0.00,0.00,3.00,4,17.00,0.00,208380,50420,0.08,132,104,0.00,0.00,0.00,0,4775.00,0.00,3,10
620,11:35:53 PM,0,425139,python3,1.00,1.00,0.00,0.00,2.00,4,17.00,0.00,208380,50420,0.08,132,104,0.00,0.00,0.00,0,4775.00,0.00,3,10
621,11:35:54 PM,0,425139,python3,1.00,3.00,0.00,0.00,4.00,4,17.00,0.00,208380,50420,0.08,132,104,0.00,0.00,0.00,0,4775.00,0.00,3,10
622,11:35:55 PM,0,425139,python3,0.00,2.00,0.00,0.00,2.00,4,17.00,0.00,208380,50420,0.08,132,104,0.00,0.00,0.00,0,4775.00,0.00,3,10
623,11:35:56 PM,0,425139,python3,1.00,1.00,0.00,0.00,2.00,4,17.00,0.00,208380,50420,0.08,132,104,0.00,0.00,0.00,0,4775.00,0.00,3,10
624,11:35:57 PM,0,425139,python3,2.00,1.00,0.00,0.00,3.00,4,17.00,0.00,208380,50420,0.08,132,104,0.00,0.00,0.00,0,4775.00,0.00,3,10
625,11:35:58 PM,0,425139,python3,0.00,2.00,0.00,0.00,2.00,4,17.00,0.00,208380,50420,0.08,132,104,0.00,0.00,0.00,0,4775.00,0.00,3,10
626,11:35:59 PM,0,425139,python3,0.00,2.00,0.00,0.00,2.00,4,17.00,0.00,208380,50420,0.08,132,104,0.00,0.00,0.00,0,4775.00,0.00,3,10
627,11:36:00 PM,0,425139,python3,2.00,1.00,0.00,0.00,3.00,4,17.00,0.00,208380,50420,0.08,132,104,0.00,0.00,0.00,0,4775.00,0.00,3,10
628,11:36:01 PM,0,425139,python3,1.00,2.00,0.00,0.00,3.00,4,17.00,0.00,208380,50420,0.08,132,104,0.00,0.00,0.00,0,4775.00,0.00,3,10
629,11:36:02 PM,0,425139,python3,2.00,0.00,0.00,0.00,2.00,4,17.00,0.00,208380,50420,0.08,132,104,0.00,0.00,0.00,0,4775.00,0.00,3,10
630,11:36:03 PM,0,425139,python3,1.00,1.00,0.00,0.00,2.00,4,17.00,0.00,208380,50420,0.08,132,104,0.00,0.00,0.00,0,4775.00,0.00,3,10
631,11:36:04 PM,0,425139,python3,1.00,2.00,0.00,0.00,3.00,4,17.00,0.00,208380,50420,0.08,132,104,0.00,0.00,0.00,0,4775.00,0.00,3,10
632,11:36:05 PM,0,425139,python3,0.00,3.00,0.00,0.00,3.00,4,17.00,0.00,208380,50420,0.08,132,104,0.00,0.00,0.00,0,4775.00,0.00,3,10
633,11:36:06 PM,0,425139,python3,0.00,2.00,0.00,0.00,2.00,4,17.00,0.00,208380,50420,0.08,132,104,0.00,0.00,0.00,0,4775.00,0.00,3,10
634,11:36:07 PM,0,425139,python3,0.00,2.00,0.00,0.00,2.00,4,17.00,0.00,208380,50420,0.08,132,104,0.00,0.00,0.00,0,4775.00,0.00,3,10
635,11:36:08 PM,0,425139,python3,2.00,0.00,0.00,0.00,2.00,4,17.00,0.00,208636,50420,0.08,132,104,0.00,0.00,0.00,0,3193.00,0.00,3,10
636,11:36:09 PM,0,425139,python3,1.00,0.00,0.00,0.00,1.00,4,0.00,0.00,208380,50420,0.08,132,104,0.00,0.00,0.00,0,1582.00,0.00,3,10
637,11:36:10 PM,0,425139,python3,0.00,1.00,0.00,0.00,1.00,4,17.00,0.00,208380,50420,0.08,132,104,0.00,0.00,0.00,0,4775.00,0.00,3,10
638,11:36:11 PM,0,425139,python3,1.00,2.00,0.00,0.00,3.00,4,17.00,0.00,208380,50420,0.08,132,104,0.00,0.00,0.00,0,4775.00,0.00,3,10
639,11:36:12 PM,0,425139,python3,1.00,2.00,0.00,0.00,3.00,4,17.00,0.00,208380,50420,0.08,132,104,0.00,0.00,0.00,0,4775.00,0.00,3,10
640,11:36:13 PM,0,425139,python3,0.00,2.00,0.00,0.00,2.00,4,17.00,0.00,208380,50420,0.08,132,104,0.00,0.00,0.00,0,4775.00,1.00,3,10
641,11:36:14 PM,0,425139,python3,1.00,1.00,0.00,0.00,2.00,4,17.00,0.00,208380,50420,0.08,132,104,0.00,0.00,0.00,0,4775.00,0.00,3,10
642,11:36:15 PM,0,425139,python3,1.00,2.00,0.00,0.00,3.00,4,17.00,0.00,208380,50420,0.08,132,104,0.00,0.00,0.00,0,4775.00,0.00,3,10
643,11:36:16 PM,0,425139,python3,1.00,1.00,0.00,0.00,2.00,4,17.00,0.00,208380,50420,0.08,132,104,0.00,0.00,0.00,0,4775.00,0.00,3,10
644,11:36:17 PM,0,425139,python3,1.00,1.00,0.00,0.00,2.00,4,17.00,0.00,208380,50420,0.08,132,104,0.00,0.00,0.00,0,4775.00,0.00,3,10
645,11:36:18 PM,0,425139,python3,0.00,3.00,0.00,0.00,3.00,4,17.00,0.00,208380,50420,0.08,132,104,0.00,0.00,0.00,0,4775.00,0.00,3,10
646,11:36:19 PM,0,425139,python3,1.00,1.00,0.00,0.00,2.00,4,17.00,0.00,208380,50420,0.08,132,104,0.00,0.00,0.00,0,4775.00,0.00,3,10
647,11:36:20 PM,0,425139,python3,0.00,2.00,0.00,0.00,2.00,4,17.00,0.00,208380,50420,0.08,132,104,0.00,0.00,0.00,0,4775.00,0.00,3,10
648,11:36:21 PM,0,425139,python3,1.00,2.00,0.00,0.00,3.00,4,17.00,0.00,208380,50420,0.08,132,104,0.00,0.00,0.00,0,4775.00,0.00,3,10
649,11:36:22 PM,0,425139,python3,1.00,2.00,0.00,0.00,3.00,4,17.00,0.00,208380,50420,0.08,132,104,0.00,0.00,0.00,0,4775.00,0.00,3,10
650,11:36:23 PM,0,425139,python3,1.00,1.00,0.00,0.00,2.00,4,17.00,0.00,208380,50420,0.08,132,104,0.00,0.00,0.00,0,4775.00,2.00,3,10
651,11:36:24 PM,0,425139,python3,1.00,1.00,0.00,0.00,2.00,4,17.00,0.00,208380,50420,0.08,132,104,0.00,0.00,0.00,0,4775.00,0.00,3,10
652,11:36:25 PM,0,425139,python3,2.00,1.00,0.00,0.00,3.00,4,17.00,0.00,208380,50420,0.08,132,104,0.00,0.00,0.00,0,4779.00,3.00,3,10
653,11:36:26 PM,0,425139,python3,1.00,1.00,0.00,0.00,2.00,4,17.00,0.00,208380,50420,0.08,132,104,0.00,0.00,0.00,0,4775.00,0.00,3,10
654,11:36:27 PM,0,425139,python3,2.00,1.00,0.00,0.00,3.00,4,17.00,0.00,208380,50420,0.08,132,104,0.00,0.00,0.00,0,4775.00,0.00,3,10
655,11:36:28 PM,0,425139,python3,1.00,1.00,0.00,0.00,2.00,4,17.00,0.00,208380,50420,0.08,132,104,0.00,0.00,0.00,0,4775.00,0.00,3,10
656,11:36:29 PM,0,425139,python3,1.00,2.00,0.00,0.00,3.00,4,17.00,0.00,208380,50420,0.08,132,104,0.00,0.00,0.00,0,4775.00,0.00,3,10
657,11:36:30 PM,0,425139,python3,0.00,2.00,0.00,0.00,2.00,4,17.00,0.00,208380,50420,0.08,132,104,0.00,0.00,0.00,0,4775.00,0.00,3,10
658,11:36:31 PM,0,425139,python3,1.00,1.00,0.00,0.00,2.00,4,17.00,0.00,208380,50420,0.08,132,104,0.00,0.00,0.00,0,4775.00,0.00,3,10
659,11:36:32 PM,0,425139,python3,0.00,3.00,0.00,0.00,3.00,4,17.00,0.00,208380,50420,0.08,132,104,0.00,0.00,0.00,0,4775.00,0.00,3,10
660,11:36:33 PM,0,425139,python3,0.00,2.00,0.00,0.00,2.00,4,17.00,0.00,208380,50420,0.08,132,104,0.00,0.00,0.00,0,4775.00,0.00,3,10
661,11:36:34 PM,0,425139,python3,0.00,0.00,0.00,0.00,0.00,4,17.00,0.00,208636,50420,0.08,132,104,0.00,0.00,0.00,0,1124.00,0.00,3,10
662,11:36:35 PM,0,425139,python3,0.00,2.00,0.00,0.00,2.00,4,0.00,0.00,208380,50420,0.08,132,104,0.00,0.00,0.00,0,3651.00,0.00,3,10
663,11:36:36 PM,0,425139,python3,0.00,2.00,0.00,0.00,2.00,4,17.00,0.00,208380,50420,0.08,132,104,0.00,0.00,0.00,0,4775.00,0.00,3,10
664,11:36:37 PM,0,425139,python3,1.00,2.00,0.00,0.00,3.00,4,17.00,0.00,208380,50420,0.08,132,104,0.00,0.00,0.00,0,4775.00,0.00,3,10
665,11:36:38 PM,0,425139,python3,1.00,1.00,0.00,0.00,2.00,4,17.00,0.00,208380,50420,0.08,132,104,0.00,0.00,0.00,0,4775.00,0.00,3,10
666,11:36:39 PM,0,425139,python3,1.00,1.00,0.00,0.00,2.00,4,17.00,0.00,208380,50420,0.08,132,104,0.00,0.00,0.00,0,4775.00,1.00,3,10
667,11:36:40 PM,0,425139,python3,1.00,2.00,0.00,0.00,3.00,4,17.00,0.00,208380,50420,0.08,132,104,0.00,0.00,0.00,0,4775.00,0.00,3,10
668,11:36:41 PM,0,425139,python3,2.00,0.00,0.00,0.00,2.00,4,17.00,0.00,208380,50420,0.08,132,104,0.00,0.00,0.00,0,4775.00,0.00,3,10
669,11:36:42 PM,0,425139,python3,0.00,2.00,0.00,0.00,2.00,4,17.00,0.00,208380,50420,0.08,132,104,0.00,0.00,0.00,0,4775.00,0.00,3,10
670,11:36:43 PM,0,425139,python3,2.00,1.00,0.00,0.00,3.00,4,17.00,0.00,208380,50420,0.08,132,104,0.00,0.00,0.00,0,4775.00,0.00,3,10
671,11:36:44 PM,0,425139,python3,1.00,1.00,0.00,0.00,2.00,4,17.00,0.00,208380,50420,0.08,132,104,0.00,0.00,0.00,0,4775.00,0.00,3,10
672,11:36:45 PM,0,425139,python3,1.00,2.00,0.00,0.00,3.00,4,17.00,0.00,208380,50420,0.08,132,104,0.00,0.00,0.00,0,4775.00,0.00,3,10
673,11:36:46 PM,0,425139,python3,0.00,2.00,0.00,0.00,2.00,4,17.00,0.00,208380,50420,0.08,132,104,0.00,0.00,0.00,0,4775.00,1.00,3,10
674,11:36:47 PM,0,425139,python3,1.00,1.00,0.00,0.00,2.00,4,17.00,0.00,208380,50420,0.08,132,104,0.00,0.00,0.00,0,4775.00,0.00,3,10
675,11:36:48 PM,0,425139,python3,1.00,2.00,0.00,0.00,3.00,4,17.00,0.00,208380,50420,0.08,132,104,0.00,0.00,0.00,0,4775.00,0.00,3,10
676,11:36:49 PM,0,425139,python3,0.00,2.00,0.00,0.00,2.00,4,17.00,0.00,208380,50420,0.08,132,104,0.00,0.00,0.00,0,4775.00,0.00,3,10
677,11:36:50 PM,0,425139,python3,1.00,1.00,0.00,0.00,2.00,4,17.00,0.00,208380,50420,0.08,132,104,0.00,0.00,0.00,0,4775.00,1.00,3,10
678,11:36:51 PM,0,425139,python3,1.00,2.00,0.00,0.00,3.00,4,17.00,0.00,208380,50420,0.08,132,104,0.00,0.00,0.00,0,4775.00,0.00,3,10
679,11:36:52 PM,0,425139,python3,0.00,2.00,0.00,0.00,2.00,4,17.00,0.00,208380,50420,0.08,132,104,0.00,0.00,0.00,0,4775.00,0.00,3,10
680,11:36:53 PM,0,425139,python3,1.00,2.00,0.00,0.00,3.00,4,17.00,0.00,208380,50420,0.08,132,104,0.00,0.00,0.00,0,4775.00,0.00,3,10
681,11:36:54 PM,0,425139,python3,1.00,1.00,0.00,0.00,2.00,4,17.00,0.00,208380,50420,0.08,132,104,0.00,0.00,0.00,0,4775.00,0.00,3,10
682,11:36:55 PM,0,425139,python3,1.00,1.00,0.00,0.00,2.00,4,17.00,0.00,208380,50420,0.08,132,104,0.00,0.00,0.00,0,4775.00,1.00,3,10
683,11:36:56 PM,0,425139,python3,1.00,1.00,0.00,0.00,2.00,4,17.00,0.00,208380,50420,0.08,132,104,0.00,0.00,0.00,0,4775.00,0.00,3,10
684,11:36:57 PM,0,425139,python3,1.00,2.00,0.00,0.00,3.00,4,17.00,0.00,208380,50420,0.08,132,104,0.00,0.00,0.00,0,4775.00,1.00,3,10
685,11:36:58 PM,0,425139,python3,0.00,2.00,0.00,0.00,2.00,4,17.00,0.00,208380,50420,0.08,132,104,0.00,0.00,0.00,0,4775.00,0.00,3,10
686,11:36:59 PM,0,425139,python3,0.00,2.00,0.00,1.00,2.00,4,17.00,0.00,208636,50420,0.08,132,104,0.00,0.00,0.00,0,3246.00,0.00,3,10
687,11:37:00 PM,0,425139,python3,0.00,0.00,0.00,0.00,0.00,4,0.00,0.00,208380,50420,0.08,132,104,0.00,0.00,0.00,0,1529.00,0.00,3,10
688,11:37:01 PM,0,425139,python3,1.00,2.00,0.00,0.00,3.00,4,17.00,0.00,208380,50420,0.08,132,104,0.00,0.00,0.00,0,4775.00,0.00,3,10
689,11:37:02 PM,0,425139,python3,0.00,2.00,0.00,0.00,2.00,4,17.00,0.00,208380,50420,0.08,132,104,0.00,0.00,0.00,0,4775.00,0.00,3,10
690,11:37:03 PM,0,425139,python3,0.00,2.00,0.00,0.00,2.00,4,17.00,0.00,208380,50420,0.08,132,104,0.00,0.00,0.00,0,4775.00,0.00,3,10
691,11:37:04 PM,0,425139,python3,0.00,3.00,0.00,0.00,3.00,4,17.00,0.00,208380,50420,0.08,132,104,0.00,0.00,0.00,0,4775.00,1.00,3,10
692,11:37:05 PM,0,425139,python3,1.00,1.00,0.00,0.00,2.00,4,17.00,0.00,208380,50420,0.08,132,104,0.00,0.00,0.00,0,4775.00,0.00,3,10
693,11:37:06 PM,0,425139,python3,1.00,2.00,0.00,0.00,3.00,4,17.00,0.00,208380,50420,0.08,132,104,0.00,0.00,0.00,0,4775.00,0.00,3,10
694,11:37:07 PM,0,425139,python3,1.00,2.00,0.00,0.00,3.00,4,17.00,0.00,208380,50420,0.08,132,104,0.00,0.00,0.00,0,4775.00,0.00,3,10
695,11:37:08 PM,0,425139,python3,1.00,0.00,0.00,0.00,1.00,4,17.00,0.00,208380,50420,0.08,132,104,0.00,0.00,0.00,0,4775.00,0.00,3,10
696,11:37:09 PM,0,425139,python3,1.00,2.00,0.00,0.00,3.00,4,17.00,0.00,208380,50420,0.08,132,104,0.00,0.00,0.00,0,4775.00,0.00,3,10
697,11:37:10 PM,0,425139,python3,1.00,1.00,0.00,0.00,2.00,4,17.00,0.00,208380,50420,0.08,132,104,0.00,0.00,0.00,0,4775.00,0.00,3,10
698,11:37:11 PM,0,425139,python3,1.00,1.00,0.00,0.00,2.00,4,17.00,0.00,208380,50420,0.08,132,104,0.00,0.00,0.00,0,4775.00,0.00,3,10
699,11:37:12 PM,0,425139,python3,1.00,2.00,0.00,0.00,3.00,4,17.00,0.00,208380,50420,0.08,132,104,0.00,0.00,0.00,0,4775.00,0.00,3,10
700,11:37:13 PM,0,425139,python3,1.00,1.00,0.00,0.00,2.00,4,17.00,0.00,208380,50420,0.08,132,104,0.00,0.00,0.00,0,4775.00,1.00,3,10
701,11:37:14 PM,0,425139,python3,1.00,2.00,0.00,0.00,3.00,4,17.00,0.00,208380,50420,0.08,132,104,0.00,0.00,0.00,0,4775.00,0.00,3,10
702,11:37:15 PM,0,425139,python3,1.00,1.00,0.00,0.00,2.00,4,17.00,0.00,208380,50420,0.08,132,104,0.00,0.00,0.00,0,4775.00,0.00,3,10
703,11:37:16 PM,0,425139,python3,1.00,2.00,0.00,0.00,3.00,4,17.00,0.00,208380,50420,0.08,132,104,0.00,0.00,0.00,0,4775.00,0.00,3,10
704,11:37:17 PM,0,425139,python3,1.00,1.00,0.00,0.00,2.00,4,17.00,0.00,208380,50420,0.08,132,104,0.00,0.00,0.00,0,4775.00,0.00,3,10
705,11:37:18 PM,0,425139,python3,2.00,1.00,0.00,0.00,3.00,4,17.00,0.00,208380,50420,0.08,132,104,0.00,0.00,0.00,0,4775.00,2.00,3,10
706,11:37:19 PM,0,425139,python3,1.00,1.00,0.00,0.00,2.00,4,17.00,0.00,208380,50420,0.08,132,104,0.00,0.00,0.00,0,4775.00,0.00,3,10
707,11:37:20 PM,0,425139,python3,0.00,2.00,0.00,0.00,2.00,4,17.00,0.00,208380,50420,0.08,132,104,0.00,0.00,0.00,0,4775.00,1.00,3,10
708,11:37:21 PM,0,425139,python3,1.00,2.00,0.00,0.00,3.00,4,17.00,0.00,208380,50420,0.08,132,104,0.00,0.00,0.00,0,4775.00,0.00,3,10
709,11:37:22 PM,0,425139,python3,0.00,2.00,0.00,0.00,2.00,4,17.00,0.00,208380,50420,0.08,132,104,0.00,0.00,0.00,0,4775.00,0.00,3,10
710,11:37:23 PM,0,425139,python3,1.00,2.00,0.00,0.00,3.00,4,17.00,0.00,208380,50420,0.08,132,104,0.00,0.00,0.00,0,4775.00,0.00,3,10
711,11:37:24 PM,0,425139,python3,0.00,2.00,0.00,0.00,2.00,4,17.00,0.00,208380,50420,0.08,132,104,0.00,0.00,0.00,0,4775.00,0.00,3,10
712,11:37:25 PM,0,425139,python3,0.00,0.00,0.00,0.00,0.00,4,0.00,0.00,208380,50420,0.08,132,104,0.00,0.00,0.00,0,206.00,0.00,3,11
713,11:37:26 PM,0,425139,python3,1.00,2.00,0.00,0.00,3.00,4,17.00,0.00,208380,50420,0.08,132,104,0.00,0.00,0.00,0,4569.00,0.00,3,10
714,11:37:27 PM,0,425139,python3,0.00,2.00,0.00,0.00,2.00,4,17.00,0.00,208380,50420,0.08,132,104,0.00,0.00,0.00,0,4775.00,0.00,3,10
