,timestamp,CPU,%usr,%nice,%sys,%iowait,%steal,%irq,%soft,%guest,%gnice,%idle,proc/s,cswch/s,tps,rtps,wtps,dtps,bread/s,bwrtn/s,bdscd/s,kbmemfree,kbavail,kbmemused,%memused,kbbuffers,kbcached,kbcommit,%commit,kbactive,kbinact,kbdirty,kbanonpg,kbslab,kbkstack,kbpgtbl,kbvmused,kbswpfree,kbswpused,%swpused,kbswpcad,%swpcad,runq-sz,plist-sz,ldavg-1,ldavg-5,ldavg-15,blocked,total/s,dropd/s,squeezd/s,rx_rps/s,flw_lim/s,MHz
0,11:25:32 PM,4.0,9.32,0.0,1.06,0.0,0.0,0.0,0.0,0.0,0.0,89.62,28.9,97129.75,0.84,0.0,0.84,0.0,0.0,119.83,0.0,42857564.0,55608628.0,8228808.0,12.6,85124.0,9934992.0,11602428.0,10.82,11297780.0,5003596.0,1600.0,6299668.0,4187336.0,25392.0,61740.0,65484.0,41943032.0,0.0,0.0,0.0,0.0,1.0,1564.0,16.51,16.78,17.06,0.0,0.0,0.0,0.0,0.0,0.0,2700.0
0,11:25:37 PM,4.0,0.37,0.0,0.19,0.0,0.0,0.0,0.0,0.0,0.0,99.44,0.0,78559.41,3.87,0.0,3.87,0.0,0.0,460.7,0.0,42859308.0,55610460.0,8226848.0,12.6,85124.0,9935208.0,11602428.0,10.82,11296520.0,5003684.0,620.0,6298800.0,4187336.0,25392.0,61740.0,65484.0,41943032.0,0.0,0.0,0.0,0.0,1.0,1564.0,16.87,16.85,17.08,0.0,0.0,0.0,0.0,0.0,0.0,2700.0
0,11:25:42 PM,4.0,0.78,0.0,0.2,0.0,0.0,0.0,0.0,0.0,0.0,99.02,0.0,55781.21,1.76,0.0,1.76,0.0,0.0,318.2,0.0,42857576.0,55608908.0,8228372.0,12.6,85124.0,9935416.0,11602428.0,10.82,11297800.0,5003864.0,884.0,6300072.0,4187336.0,25392.0,61740.0,65484.0,41943032.0,0.0,0.0,0.0,0.0,1.0,1564.0,17.2,16.92,17.1,0.0,0.0,0.0,0.0,0.0,0.0,2700.0
0,11:25:47 PM,4.0,0.4,0.0,0.2,0.0,0.0,0.0,0.0,0.0,0.0,99.4,1.39,52252.79,0.8,0.0,0.8,0.0,0.0,207.17,0.0,42856560.0,55608108.0,8229184.0,12.6,85124.0,9935620.0,11618944.0,10.83,11297388.0,5004080.0,1088.0,6299492.0,4187336.0,25392.0,61724.0,65436.0,41943032.0,0.0,0.0,0.0,0.0,2.0,1564.0,17.5,16.98,17.12,0.0,0.0,0.0,0.0,0.0,0.0,2699.9
0,11:25:52 PM,4.0,0.58,0.0,0.19,0.0,0.0,0.0,0.0,0.0,0.0,99.23,0.0,59454.41,1.53,0.0,1.53,0.0,0.0,398.47,0.0,42855836.0,55607632.0,8229648.0,12.6,85124.0,9935872.0,11618944.0,10.83,11297772.0,5004320.0,1340.0,6300096.0,4187344.0,25392.0,61744.0,65436.0,41943032.0,0.0,0.0,0.0,0.0,2.0,1564.0,17.78,17.05,17.14,0.0,1.53,0.0,0.0,0.0,0.0,2700.0
0,11:25:58 PM,4.0,0.6,0.0,0.4,0.0,0.0,0.0,0.0,0.0,0.0,99.0,0.0,50484.63,17.96,0.0,17.96,0.0,0.0,368.86,0.0,42855268.0,55607328.0,8229992.0,12.6,85124.0,9936096.0,11618944.0,10.83,11298124.0,5004584.0,1160.0,6300228.0,4187344.0,25392.0,61744.0,65436.0,41943032.0,0.0,0.0,0.0,0.0,1.0,1564.0,18.04,17.12,17.16,0.0,0.0,0.0,0.0,0.0,0.0,2700.0
0,11:26:03 PM,4.0,0.8,0.0,0.2,0.0,0.0,0.0,0.0,0.0,0.0,99.0,0.0,50185.26,4.58,0.0,4.58,0.0,0.0,358.57,0.0,42855992.0,55608204.0,8229068.0,12.6,85124.0,9936296.0,11618944.0,10.83,11297772.0,5004736.0,1012.0,6299980.0,4187344.0,25392.0,61744.0,65436.0,41943032.0,0.0,0.0,0.0,0.0,1.0,1564.0,18.28,17.18,17.18,0.0,0.0,0.0,0.0,0.0,0.0,2700.0
0,11:26:08 PM,4.0,0.39,0.0,0.39,0.0,0.0,0.0,0.0,0.0,0.0,99.23,4.8,61204.03,1.15,0.0,1.15,0.0,0.0,192.13,0.0,42852440.0,55604972.0,8232392.0,12.61,85124.0,9936532.0,11627132.0,10.84,11298444.0,5005056.0,1008.0,6300696.0,4187336.0,25408.0,61776.0,65484.0,41943032.0,0.0,0.0,0.0,0.0,1.0,1565.0,18.58,17.26,17.21,0.0,0.0,0.0,0.0,0.0,0.0,2689.15
0,11:26:13 PM,4.0,0.4,0.0,0.4,0.0,0.0,0.0,0.0,0.0,0.0,99.2,7.77,105552.59,14.14,0.0,14.14,0.0,0.0,731.47,0.0,42864916.0,55603984.0,8233572.0,12.61,85124.0,9923012.0,11621672.0,10.84,11299960.0,4991592.0,612.0,6302212.0,4187200.0,25424.0,61804.0,65500.0,41943032.0,0.0,0.0,0.0,0.0,2.0,1566.0,18.85,17.34,17.23,0.0,1.2,0.0,0.0,0.0,0.0,2700.0
0,11:26:18 PM,4.0,0.8,0.0,0.2,0.0,0.0,0.0,0.0,0.0,0.0,99.0,3.39,136004.79,31.94,0.0,31.94,0.0,0.0,7152.1,0.0,42846772.0,55603116.0,8234388.0,12.61,85124.0,9940312.0,11624404.0,10.84,11319132.0,4991852.0,17084.0,6304420.0,4187228.0,25440.0,61836.0,65484.0,41943032.0,0.0,0.0,0.0,0.0,2.0,1567.0,19.02,17.4,17.26,0.0,0.0,0.0,0.0,0.0,0.0,2700.01
0,11:26:23 PM,4.0,0.59,2.75,0.98,0.0,0.0,0.0,0.0,0.0,0.0,95.69,6.25,126590.62,93.95,93.95,0.0,0.0,19304.69,0.0,0.0,42874432.0,55613984.0,8223628.0,12.59,85124.0,9923588.0,11526436.0,10.75,11293612.0,4992072.0,1152.0,6295684.0,4187052.0,25376.0,61676.0,65468.0,41943032.0,0.0,0.0,0.0,0.0,0.0,1563.0,19.18,17.46,17.28,1.0,0.0,0.0,0.0,0.0,0.0,2700.0
0,11:26:28 PM,4.0,0.6,0.0,0.0,0.0,0.0,0.0,0.0,0.0,0.0,99.4,2.39,120760.56,69.92,69.92,0.0,0.0,17504.38,0.0,0.0,42867580.0,55607300.0,8230384.0,12.61,85124.0,9923636.0,11568972.0,10.79,11299396.0,4992216.0,1492.0,6301464.0,4187100.0,25488.0,61792.0,65516.0,41943032.0,0.0,0.0,0.0,0.0,1.0,1568.0,19.33,17.52,17.3,0.0,0.0,0.0,0.0,0.0,0.0,2700.0
0,11:26:33 PM,4.0,0.58,0.0,0.39,0.0,0.0,0.0,0.0,0.0,0.0,99.03,0.38,126974.66,42.99,0.0,42.99,0.0,0.0,646.45,0.0,42866564.0,55606480.0,8231136.0,12.61,85124.0,9923900.0,11580664.0,10.8,11300448.0,4992416.0,116.0,6302852.0,4187100.0,25472.0,61832.0,65500.0,41943032.0,0.0,0.0,0.0,0.0,3.0,1569.0,19.54,17.6,17.32,0.0,0.0,0.0,0.0,0.0,0.0,2699.99
0,11:26:38 PM,4.0,0.39,0.0,0.2,0.0,0.0,0.0,0.0,0.0,0.0,99.41,5.66,143953.52,0.2,0.0,0.2,0.0,0.0,100.0,0.0,42876312.0,55603844.0,8233860.0,12.61,85124.0,9911432.0,11591988.0,10.81,11300652.0,4980032.0,788.0,6302960.0,4187096.0,25488.0,61932.0,65484.0,41943032.0,0.0,0.0,0.0,0.0,1.0,1570.0,19.66,17.65,17.34,0.0,0.0,0.0,0.0,0.0,0.0,2700.0
0,11:26:43 PM,4.0,0.4,0.0,0.4,0.0,0.0,0.0,0.0,0.0,0.0,99.2,5.39,138744.31,3.19,0.0,3.19,0.0,0.0,266.87,0.0,42874092.0,55601756.0,8235916.0,12.61,85124.0,9911628.0,11610060.0,10.83,11301756.0,4980164.0,984.0,6303992.0,4187064.0,25456.0,61892.0,65580.0,41943032.0,0.0,0.0,0.0,0.0,2.0,1568.0,19.85,17.72,17.37,0.0,0.0,0.0,0.0,0.0,0.0,2699.97
0,11:26:48 PM,4.0,0.77,0.0,1.73,0.0,0.0,0.0,0.0,0.0,0.0,97.5,8.24,155585.82,26.25,0.0,26.25,0.0,0.0,582.38,0.0,42871892.0,55599836.0,8237924.0,12.62,85124.0,9911836.0,11609408.0,10.83,11302048.0,4980444.0,56.0,6304600.0,4187048.0,25488.0,61944.0,65596.0,41943032.0,0.0,0.0,0.0,0.0,2.0,1569.0,19.94,17.78,17.39,0.0,0.0,0.0,0.0,0.0,0.0,2699.99
0,11:26:54 PM,4.0,0.58,0.0,2.33,0.0,0.0,0.0,0.0,0.0,0.0,97.09,3.84,182590.21,0.0,0.0,0.0,0.0,0.0,0.0,0.0,42871824.0,55599952.0,8237764.0,12.62,85124.0,9912064.0,11634768.0,10.85,11302412.0,4980628.0,376.0,6304800.0,4187048.0,25488.0,61960.0,65596.0,41943032.0,0.0,0.0,0.0,0.0,1.0,1570.0,20.02,17.83,17.41,0.0,0.0,0.0,0.0,0.0,0.0,2700.0
0,11:26:59 PM,4.0,0.6,0.0,2.01,0.0,0.0,0.0,0.0,0.0,0.0,97.38,8.17,183244.62,17.13,0.0,17.13,0.0,0.0,360.16,0.0,42895716.0,55597496.0,8240284.0,12.62,85124.0,9885660.0,11635656.0,10.85,11303992.0,4954280.0,620.0,6306268.0,4187040.0,25504.0,61996.0,65644.0,41943032.0,0.0,0.0,0.0,0.0,1.0,1571.0,20.1,17.89,17.43,0.0,0.0,0.0,0.0,0.0,0.0,2700.0
0,11:27:04 PM,4.0,0.39,0.0,1.97,0.0,0.0,0.0,0.0,0.0,0.0,97.64,6.05,206558.79,1.37,0.0,1.37,0.0,0.0,10.94,0.0,42893440.0,55595488.0,8242220.0,12.62,85124.0,9885976.0,11746448.0,10.95,11306688.0,4954532.0,976.0,6309112.0,4187064.0,25520.0,62196.0,65660.0,41943032.0,0.0,0.0,0.0,0.0,1.0,1572.0,20.18,17.94,17.44,0.0,0.0,0.0,0.0,0.0,0.0,2700.0
0,11:27:09 PM,4.0,1.55,0.0,4.64,0.0,0.0,0.0,0.0,0.0,0.0,93.81,39.35,231398.27,18.04,0.0,18.04,0.0,0.0,635.89,0.0,42892988.0,55595600.0,8242148.0,12.62,85124.0,9886596.0,11725828.0,10.93,11308156.0,4955096.0,188.0,6310748.0,4186968.0,25520.0,62172.0,65692.0,41943032.0,0.0,0.0,0.0,0.0,1.0,1572.0,20.32,18.0,17.47,0.0,1.54,0.0,0.0,0.0,0.0,2700.0
0,11:27:14 PM,4.0,1.01,0.0,3.03,0.0,0.0,0.0,0.0,0.0,0.0,95.96,44.22,221573.71,15.94,0.0,15.94,0.0,0.0,379.08,0.0,42880044.0,55583420.0,8254084.0,12.64,85124.0,9887364.0,11748076.0,10.96,11317624.0,4955836.0,1044.0,6320016.0,4187208.0,25552.0,62172.0,65708.0,41943032.0,0.0,0.0,0.0,0.0,2.0,1572.0,20.54,18.09,17.5,0.0,2.99,0.0,0.0,0.0,0.0,2700.0
0,11:27:19 PM,4.0,4.05,0.0,3.04,0.0,0.0,0.0,0.0,0.0,0.0,92.91,43.31,238534.93,9.58,0.0,9.58,0.0,0.0,76.65,0.0,42881692.0,55585852.0,8251468.0,12.64,85124.0,9888108.0,11758368.0,10.96,11314160.0,4956604.0,1788.0,6316456.0,4187432.0,25520.0,62180.0,65692.0,41943032.0,0.0,0.0,0.0,0.0,1.0,1572.0,20.57,18.14,17.52,0.0,0.8,0.0,0.0,0.0,0.0,2700.0
0,11:27:24 PM,4.0,1.19,0.0,4.37,0.0,0.0,0.0,0.0,0.0,0.0,94.44,43.36,226677.93,19.53,0.0,19.53,0.0,0.0,1221.88,0.0,42875308.0,55580192.0,8256680.0,12.65,85124.0,9888872.0,11753580.0,10.96,11319848.0,4957308.0,208.0,6321760.0,4187840.0,25520.0,62188.0,65756.0,41943032.0,0.0,0.0,0.0,0.0,1.0,1572.0,20.61,18.18,17.54,0.0,3.12,0.0,0.0,0.0,0.0,2699.97
0,11:27:29 PM,4.0,0.8,0.0,2.81,0.0,0.0,0.0,0.0,0.0,0.0,96.39,44.81,226970.84,9.78,0.0,9.78,0.0,0.0,78.28,0.0,42874368.0,55579828.0,8257164.0,12.65,85124.0,9889564.0,11734572.0,10.94,11320792.0,4957964.0,984.0,6322856.0,4187604.0,25536.0,62168.0,65708.0,41943032.0,0.0,0.0,0.0,0.0,2.0,1572.0,20.64,18.23,17.56,0.0,9.59,0.0,0.0,0.0,0.0,2700.0
0,11:27:34 PM,4.0,0.6,0.0,2.21,0.0,0.0,0.0,0.0,0.0,0.0,97.19,44.22,226022.91,9.96,0.0,9.96,0.0,0.0,79.68,0.0,42870956.0,55577180.0,8259832.0,12.65,85124.0,9890320.0,11742336.0,10.95,11322396.0,4958728.0,1740.0,6324624.0,4187592.0,25536.0,62176.0,65708.0,41943032.0,0.0,0.0,0.0,0.0,2.0,1572.0,20.75,18.29,17.58,0.0,25.3,0.0,0.0,0.0,0.0,2699.96
0,11:27:39 PM,4.0,0.61,0.0,2.43,0.0,0.0,0.0,0.0,0.0,0.0,96.96,39.44,218770.72,18.33,0.0,18.33,0.0,0.0,1123.71,0.0,42865644.0,55572644.0,8264280.0,12.66,85124.0,9891064.0,11752320.0,10.96,11327264.0,4959504.0,144.0,6329612.0,4187712.0,25616.0,62188.0,65724.0,41943032.0,0.0,0.0,0.0,0.0,1.0,1572.0,21.18,18.47,17.64,0.0,36.25,0.0,0.0,0.0,0.0,2700.0
0,11:27:44 PM,4.0,2.43,0.0,2.84,0.0,0.0,0.0,0.0,0.0,0.0,94.73,43.11,234580.84,12.38,0.0,12.38,0.0,0.0,317.96,0.0,42862448.0,55570168.0,8266800.0,12.66,85124.0,9891792.0,11769712.0,10.98,11330120.0,4960216.0,968.0,6332364.0,4187660.0,25520.0,62196.0,65724.0,41943032.0,0.0,0.0,0.0,0.0,3.0,1572.0,21.24,18.53,17.67,0.0,10.18,0.0,0.0,0.0,0.0,2700.0
0,11:27:50 PM,4.0,0.81,0.0,4.84,0.0,0.0,0.0,0.0,0.0,0.0,94.35,45.62,233992.03,9.96,0.0,9.96,0.0,0.0,79.68,0.0,42858016.0,55566492.0,8269896.0,12.67,85124.0,9892548.0,11752892.0,10.96,11332496.0,4960972.0,1724.0,6334788.0,4188240.0,25520.0,62168.0,65692.0,41943032.0,0.0,0.0,0.0,0.0,1.0,1572.0,21.3,18.58,17.69,0.0,10.76,0.0,0.0,0.0,0.0,2700.0
0,11:27:55 PM,4.0,0.59,0.0,3.16,0.0,0.0,0.0,0.0,0.0,0.0,96.25,49.9,225574.95,18.2,0.0,18.2,0.0,0.0,989.43,0.0,42850316.0,55559552.0,8276924.0,12.68,85124.0,9893244.0,11762128.0,10.97,11337756.0,4961732.0,448.0,6340104.0,4188216.0,25720.0,63112.0,65756.0,41943032.0,0.0,0.0,0.0,0.0,1.0,1581.0,21.28,18.62,17.71,0.0,4.11,0.0,0.0,0.0,0.0,2700.01
0,11:28:00 PM,4.0,0.59,0.0,2.17,0.0,0.0,0.0,0.0,0.0,0.0,97.24,45.51,231027.34,9.18,0.0,9.18,0.0,0.0,73.44,0.0,42846248.0,55556312.0,8279844.0,12.68,85124.0,9893988.0,11753060.0,10.96,11342356.0,4962528.0,988.0,6344304.0,4188620.0,25808.0,63240.0,65756.0,41943032.0,0.0,0.0,0.0,0.0,5.0,1586.0,21.34,18.68,17.73,0.0,2.93,0.0,0.0,0.0,0.0,2700.0
0,11:28:05 PM,4.0,0.98,0.0,6.1,0.0,0.0,0.0,0.0,0.0,0.0,92.91,39.92,220483.17,16.83,0.0,16.83,0.0,0.0,718.59,0.0,42842668.0,55553560.0,8282464.0,12.68,85124.0,9894716.0,11757736.0,10.96,11346232.0,4963324.0,108.0,6348752.0,4188852.0,25712.0,62528.0,65756.0,41943032.0,0.0,0.0,0.0,0.0,1.0,1584.0,21.31,18.72,17.75,0.0,4.7,0.0,0.0,0.0,0.0,2700.0
0,11:28:10 PM,4.0,1.21,0.0,3.43,0.0,0.0,0.0,0.0,0.0,0.0,95.36,43.82,229457.97,9.76,0.0,9.76,0.0,0.0,177.09,0.0,42838984.0,55550508.0,8285496.0,12.69,85124.0,9895428.0,11761380.0,10.97,11349384.0,4964036.0,924.0,6351784.0,4188792.0,25712.0,62496.0,65756.0,41943032.0,0.0,0.0,0.0,0.0,4.0,1584.0,21.53,18.81,17.78,0.0,3.78,0.0,0.0,0.0,0.0,2700.41
0,11:28:15 PM,4.0,0.58,0.0,2.91,0.0,0.0,0.0,0.0,0.0,0.0,96.5,43.1,237684.87,12.26,0.0,12.26,0.0,0.0,296.55,0.0,42832964.0,55545176.0,8290540.0,12.7,85124.0,9896164.0,11766356.0,10.97,11352408.0,4964724.0,1660.0,6354720.0,4189032.0,25760.0,62516.0,65756.0,41943032.0,0.0,0.0,0.0,0.0,1.0,1584.0,21.56,18.86,17.81,0.0,0.0,0.0,0.0,0.0,0.0,2699.99
0,11:28:20 PM,4.0,5.07,0.0,4.09,0.0,0.0,0.0,0.0,0.0,0.0,90.84,43.44,222174.95,19.37,0.0,19.37,0.0,0.0,981.6,0.0,42829016.0,55541988.0,8293156.0,12.7,85124.0,9896900.0,11780580.0,10.99,11353764.0,4965452.0,148.0,6356160.0,4189628.0,25760.0,62516.0,65740.0,41943032.0,0.0,0.0,0.0,0.0,1.0,1584.0,21.52,18.9,17.82,0.0,0.0,0.0,0.0,0.0,0.0,2700.0
0,11:28:25 PM,4.0,1.21,0.0,4.05,0.0,0.0,0.0,0.0,0.0,0.0,94.74,43.63,214540.44,9.76,0.0,9.76,0.0,0.0,78.09,0.0,42824692.0,55538396.0,8297076.0,12.71,85124.0,9897608.0,11794476.0,11.0,11357428.0,4966184.0,948.0,6359992.0,4189324.0,25712.0,62540.0,65740.0,41943032.0,0.0,0.0,0.0,0.0,1.0,1584.0,21.56,18.95,17.85,0.0,35.86,0.0,0.0,0.0,0.0,2700.0
0,11:28:30 PM,4.0,1.74,0.0,3.87,0.0,0.0,0.0,0.0,0.0,0.0,94.39,43.95,229282.53,17.47,0.0,17.47,0.0,0.0,697.12,0.0,42822668.0,55537100.0,8298732.0,12.71,85124.0,9898356.0,11782736.0,10.99,11360168.0,4966912.0,140.0,6362572.0,4188944.0,25712.0,62532.0,65708.0,41943032.0,0.0,0.0,0.0,0.0,4.0,1584.0,21.51,18.98,17.86,0.0,41.07,0.0,0.0,0.0,0.0,2700.0
0,11:28:35 PM,4.0,1.4,0.0,5.59,0.0,0.0,0.0,0.0,0.0,0.0,93.01,43.55,242801.17,9.77,0.0,9.77,0.0,0.0,78.12,0.0,42815212.0,55530336.0,8305420.0,12.72,85124.0,9899052.0,11793224.0,11.0,11366292.0,4967604.0,928.0,6368716.0,4189016.0,25776.0,62544.0,65724.0,41943032.0,0.0,0.0,0.0,0.0,2.0,1585.0,21.47,19.02,17.88,0.0,2.54,0.0,0.0,0.0,0.0,2700.0
0,11:28:41 PM,4.0,1.16,0.0,5.8,0.0,0.0,0.0,0.0,0.0,0.0,93.04,48.37,222218.04,17.27,0.0,17.27,0.0,0.0,692.51,0.0,42791300.0,55521516.0,8313232.0,12.73,85124.0,9914340.0,11795612.0,11.0,11372576.0,4982696.0,14484.0,6374720.0,4189828.0,25520.0,62252.0,65724.0,41943032.0,0.0,0.0,0.0,0.0,1.0,1572.0,21.51,19.06,17.9,0.0,12.67,0.0,0.0,0.0,0.0,2700.0
0,11:28:46 PM,4.0,0.81,0.0,4.05,0.0,0.0,0.0,0.0,0.0,0.0,95.14,44.42,211093.82,25.1,0.0,25.1,0.0,0.0,7658.96,0.0,42828720.0,55545456.0,8290080.0,12.7,85124.0,9900580.0,11694352.0,10.91,11368080.0,4969204.0,340.0,6370164.0,4189320.0,25504.0,62016.0,65660.0,41943032.0,0.0,0.0,0.0,0.0,1.0,1571.0,21.55,19.11,17.93,0.0,7.17,0.0,0.0,0.0,0.0,2700.0
0,11:28:51 PM,4.0,2.03,0.0,4.27,0.0,0.0,0.0,0.0,0.0,0.0,93.7,46.61,226653.59,169.52,159.56,9.96,0.0,35588.84,79.68,0.0,42830636.0,55548040.0,8288056.0,12.69,85124.0,9901296.0,11764368.0,10.97,11353176.0,4969872.0,1400.0,6355432.0,4188712.0,25760.0,62412.0,65788.0,41943032.0,0.0,0.0,0.0,0.0,1.0,1575.0,21.59,19.16,17.95,0.0,0.0,0.0,0.0,0.0,0.0,2700.0
0,11:28:56 PM,4.0,3.18,0.0,2.98,0.0,0.0,0.0,0.0,0.0,0.0,93.84,41.1,234923.48,9.0,0.0,9.0,0.0,0.0,72.02,0.0,42839468.0,55557608.0,8278824.0,12.68,85124.0,9902000.0,11769792.0,10.98,11342292.0,4970600.0,2104.0,6344508.0,4188408.0,25584.0,62288.0,65740.0,41943032.0,0.0,0.0,0.0,0.0,2.0,1575.0,21.62,19.21,17.97,0.0,25.64,0.0,0.0,0.0,0.0,2700.0
0,11:29:01 PM,4.0,1.0,0.0,4.2,0.0,0.0,0.0,0.0,0.0,0.0,94.8,43.23,223242.83,37.05,0.0,37.05,0.0,0.0,1184.06,0.0,42831480.0,55550320.0,8285544.0,12.69,85124.0,9902720.0,11767584.0,10.97,11348764.0,4971300.0,76.0,6351012.0,4188956.0,25584.0,62304.0,65804.0,41943032.0,0.0,0.0,0.0,0.0,3.0,1581.0,21.57,19.24,17.99,0.0,9.36,0.0,0.0,0.0,0.0,2699.99
0,11:29:06 PM,4.0,0.79,0.0,1.98,0.0,0.0,0.0,0.0,0.0,0.0,97.23,42.07,228010.57,9.78,0.0,9.78,0.0,0.0,78.28,0.0,42825300.0,55544828.0,8290688.0,12.7,85124.0,9903432.0,11791528.0,11.0,11351724.0,4971988.0,900.0,6353968.0,4189280.0,25520.0,62308.0,65724.0,41943032.0,0.0,0.0,0.0,0.0,1.0,1572.0,21.53,19.27,18.0,0.0,0.0,0.0,0.0,0.0,0.0,2700.56
0,11:29:11 PM,4.0,0.41,0.0,1.42,0.0,0.0,0.0,0.0,0.0,0.0,98.17,45.02,225885.86,17.73,0.0,17.73,0.0,0.0,812.75,0.0,42820528.0,55540792.0,8294624.0,12.7,85124.0,9904160.0,11786584.0,10.99,11355920.0,4972724.0,80.0,6358176.0,4189388.0,25520.0,62320.0,65724.0,41943032.0,0.0,0.0,0.0,0.0,1.0,1572.0,21.48,19.3,18.02,0.0,29.88,0.0,0.0,0.0,0.0,2700.0
0,11:29:16 PM,4.0,0.81,0.0,4.46,0.0,0.0,0.0,0.0,0.0,0.0,94.73,44.31,218474.05,12.57,0.0,12.57,0.0,0.0,415.77,0.0,42818144.0,55539132.0,8296324.0,12.71,85124.0,9904876.0,11795428.0,11.0,11357868.0,4973448.0,908.0,6360160.0,4189356.0,25568.0,62320.0,65708.0,41943032.0,0.0,0.0,0.0,0.0,3.0,1573.0,21.44,19.33,18.04,0.0,1.4,0.0,0.0,0.0,0.0,2700.0
0,11:29:21 PM,4.0,1.21,0.0,3.84,0.0,0.0,0.0,0.0,0.0,0.0,94.95,41.63,220517.73,9.16,0.0,9.16,0.0,0.0,73.31,0.0,42814124.0,55535660.0,8300020.0,12.71,85124.0,9905508.0,11803876.0,11.01,11361192.0,4974108.0,1540.0,6363156.0,4189048.0,25720.0,62424.0,65708.0,41943032.0,0.0,0.0,0.0,0.0,4.0,1572.0,21.41,19.35,18.05,0.0,0.0,0.0,0.0,0.0,0.0,2699.99
0,11:29:26 PM,4.0,1.14,0.0,3.99,0.0,0.0,0.0,0.0,0.0,0.0,94.87,42.0,245601.88,16.2,0.0,16.2,0.0,0.0,952.17,0.0,42810984.0,55533300.0,8302204.0,12.72,85124.0,9906332.0,11826904.0,11.03,11362828.0,4974888.0,56.0,6365036.0,4189180.0,25520.0,62332.0,65820.0,41943032.0,0.0,0.0,0.0,0.0,5.0,1580.0,21.38,19.38,18.07,0.0,8.1,0.0,0.0,0.0,0.0,2700.0
0,11:29:31 PM,4.0,1.18,0.0,1.38,0.0,0.0,0.0,0.0,0.0,0.0,97.44,42.97,228701.95,9.77,0.0,9.77,0.0,0.0,78.12,0.0,42804628.0,55527692.0,8307724.0,12.72,85124.0,9907064.0,11810560.0,11.01,11368724.0,4975636.0,908.0,6370976.0,4189284.0,25536.0,62348.0,65724.0,41943032.0,0.0,0.0,0.0,0.0,4.0,1572.0,21.35,19.41,18.08,0.0,14.84,0.0,0.0,0.0,0.0,2700.0
0,11:29:37 PM,4.0,0.97,0.0,1.74,0.0,0.0,0.0,0.0,0.0,0.0,97.3,44.64,227648.47,10.34,0.0,10.34,0.0,0.0,82.76,0.0,42807840.0,55531544.0,8303976.0,12.72,85124.0,9907808.0,11814592.0,11.02,11364904.0,4976324.0,1652.0,6367144.0,4189076.0,25520.0,62364.0,65708.0,41943032.0,0.0,0.0,0.0,0.0,4.0,1572.0,21.4,19.45,18.11,0.0,1.92,0.0,0.0,0.0,0.0,2700.0
0,11:29:42 PM,4.0,0.98,0.0,6.07,0.0,0.0,0.0,0.0,0.0,0.0,92.95,40.7,232092.76,17.81,0.0,17.81,0.0,0.0,1005.28,0.0,42803832.0,55528216.0,8307396.0,12.72,85124.0,9908524.0,11814760.0,11.02,11369296.0,4977004.0,12.0,6371620.0,4188948.0,25488.0,62372.0,65644.0,41943032.0,0.0,0.0,0.0,0.0,2.0,1570.0,21.37,19.48,18.12,0.0,0.0,0.0,0.0,0.0,0.0,2699.99
0,11:29:47 PM,4.0,1.01,0.0,3.83,0.0,0.0,0.0,0.0,0.0,0.0,95.16,44.42,233664.14,13.35,0.0,13.35,0.0,0.0,527.89,0.0,42801944.0,55527080.0,8308728.0,12.73,85124.0,9909292.0,11812696.0,11.02,11371644.0,4977752.0,928.0,6373792.0,4188736.0,25504.0,62368.0,65692.0,41943032.0,0.0,0.0,0.0,0.0,2.0,1571.0,21.34,19.5,18.14,0.0,21.51,0.0,0.0,0.0,0.0,2700.0
0,11:29:52 PM,4.0,1.99,0.0,3.98,0.0,0.0,0.0,0.0,0.0,0.0,94.04,44.81,231994.13,9.78,0.0,9.78,0.0,0.0,78.28,0.0,42797076.0,55523008.0,8312912.0,12.73,85124.0,9909992.0,11825672.0,11.03,11374828.0,4978540.0,1628.0,6377220.0,4188720.0,25504.0,62356.0,65708.0,41943032.0,0.0,0.0,0.0,0.0,1.0,1571.0,21.31,19.53,18.15,0.0,0.59,0.0,0.0,0.0,0.0,2700.0
0,11:29:57 PM,4.0,0.61,0.0,3.23,0.0,0.0,0.0,0.0,0.0,0.0,96.16,44.62,217163.35,18.53,0.0,18.53,0.0,0.0,857.37,0.0,42794276.0,55520936.0,8315128.0,12.73,85124.0,9910752.0,11825792.0,11.03,11377736.0,4979268.0,1236.0,6380048.0,4188544.0,25520.0,62380.0,65644.0,41943032.0,0.0,0.0,0.0,0.0,1.0,1571.0,21.28,19.55,18.17,0.0,11.95,0.0,0.0,0.0,0.0,2700.0
0,11:30:02 PM,4.0,0.61,0.0,4.47,0.0,0.0,0.0,0.0,0.0,0.0,94.92,41.32,222814.77,8.98,0.0,8.98,0.0,0.0,71.86,0.0,42789548.0,55516952.0,8318928.0,12.74,85124.0,9911508.0,11824044.0,11.03,11380496.0,4980012.0,1996.0,6382756.0,4188716.0,25504.0,62388.0,65740.0,41943032.0,0.0,0.0,0.0,0.0,1.0,1571.0,21.26,19.58,18.18,0.0,0.0,0.0,0.0,0.0,0.0,2699.99
0,11:30:07 PM,4.0,0.8,0.0,2.41,0.0,0.0,0.0,0.0,0.0,0.0,96.78,41.83,221538.84,34.66,0.0,34.66,0.0,0.0,900.4,0.0,42788084.0,55516212.0,8319712.0,12.74,85124.0,9912216.0,11819952.0,11.02,11382192.0,4980736.0,764.0,6384608.0,4188688.0,25504.0,62392.0,65708.0,41943032.0,0.0,0.0,0.0,0.0,2.0,1571.0,21.24,19.6,18.2,0.0,0.0,0.0,0.0,0.0,0.0,2700.0
0,11:30:12 PM,4.0,1.0,0.0,5.02,0.0,0.0,0.0,0.0,0.0,0.0,93.98,45.02,224631.08,9.96,0.0,9.96,0.0,0.0,180.08,0.0,42782372.0,55511216.0,8324616.0,12.75,85124.0,9912952.0,11826940.0,11.03,11387176.0,4981452.0,1512.0,6389484.0,4188760.0,25504.0,62400.0,65692.0,41943032.0,0.0,0.0,0.0,0.0,2.0,1571.0,21.22,19.62,18.21,0.0,0.6,0.0,0.0,0.0,0.0,2699.72
0,11:30:17 PM,4.0,0.4,0.0,1.98,0.0,0.0,0.0,0.0,0.0,0.0,97.63,40.7,242684.34,18.0,0.0,18.0,0.0,0.0,922.5,0.0,42778632.0,55508148.0,8327680.0,12.75,85124.0,9913624.0,11855292.0,11.06,11389264.0,4982124.0,692.0,6391556.0,4188764.0,25520.0,62404.0,65708.0,41943032.0,0.0,0.0,0.0,0.0,3.0,1574.0,21.36,19.68,18.24,0.0,1.96,0.0,0.0,0.0,0.0,2700.0
0,11:30:22 PM,4.0,0.59,0.0,2.36,0.0,0.0,0.0,0.0,0.0,0.0,97.05,42.38,226642.19,9.57,0.0,9.57,0.0,0.0,76.56,0.0,42775004.0,55505264.0,8330228.0,12.76,85124.0,9914360.0,11860648.0,11.06,11392104.0,4982860.0,1444.0,6394396.0,4189108.0,25520.0,62420.0,65740.0,41943032.0,0.0,0.0,0.0,0.0,1.0,1572.0,21.49,19.74,18.27,0.0,12.3,0.0,0.0,0.0,0.0,2699.99
0,11:30:27 PM,4.0,0.99,0.0,4.56,0.0,0.0,0.0,0.2,0.0,0.0,94.25,44.81,225753.42,17.22,0.0,17.22,0.0,0.0,695.11,0.0,42770572.0,55501556.0,8333812.0,12.76,85124.0,9915104.0,11835232.0,11.04,11395132.0,4983584.0,740.0,6397704.0,4189212.0,25472.0,62416.0,65644.0,41943032.0,0.0,0.0,0.0,0.0,2.0,1572.0,21.54,19.77,18.29,0.0,0.0,0.0,0.0,0.0,0.0,2699.94
0,11:30:32 PM,4.0,1.4,0.0,2.4,0.0,0.0,0.0,0.0,0.0,0.0,96.19,44.22,222332.07,9.76,0.0,9.76,0.0,0.0,78.09,0.0,42775088.0,55506840.0,8328580.0,12.76,85124.0,9915852.0,11838764.0,11.04,11388800.0,4984352.0,1512.0,6391092.0,4189180.0,25520.0,62412.0,65740.0,41943032.0,0.0,0.0,0.0,0.0,1.0,1572.0,21.65,19.83,18.31,0.0,1.99,0.0,0.0,0.0,0.0,2700.0
0,11:30:37 PM,4.0,0.82,0.0,2.45,0.0,0.0,0.0,0.0,0.0,0.0,96.73,44.31,232606.79,9.98,0.0,9.98,0.0,0.0,79.84,0.0,42770004.0,55502452.0,8333020.0,12.76,85124.0,9916540.0,11833520.0,11.03,11394600.0,4985048.0,2200.0,6396872.0,4189136.0,25520.0,62424.0,65692.0,41943032.0,0.0,0.0,0.0,0.0,2.0,1572.0,21.76,19.88,18.34,0.0,7.19,0.0,0.0,0.0,0.0,2700.0
0,11:30:42 PM,4.0,0.79,0.0,2.56,0.0,0.0,0.0,0.0,0.0,0.0,96.65,43.36,246432.03,17.97,0.0,17.97,0.0,0.0,1036.13,0.0,42769576.0,55502768.0,8332600.0,12.76,85124.0,9917256.0,11845596.0,11.05,11396004.0,4985792.0,616.0,6398216.0,4189268.0,25488.0,62440.0,65644.0,41943032.0,0.0,0.0,0.0,0.0,1.0,1570.0,21.86,19.93,18.36,0.0,16.99,0.0,0.0,0.0,0.0,2700.0
0,11:30:48 PM,4.0,1.38,0.0,3.75,0.0,0.0,0.0,0.0,0.0,0.0,94.87,44.92,216964.65,11.91,0.0,11.91,0.0,0.0,319.14,0.0,42763560.0,55497492.0,8338044.0,12.77,85124.0,9918016.0,11828376.0,11.03,11399820.0,4986524.0,1400.0,6401984.0,4189080.0,25568.0,62424.0,65660.0,41943032.0,0.0,0.0,0.0,0.0,2.0,1571.0,21.95,19.98,18.39,0.0,0.0,0.0,0.0,0.0,0.0,2700.0
0,11:30:53 PM,4.0,1.4,0.0,2.8,0.0,0.0,0.0,0.0,0.0,0.0,95.8,40.72,221515.37,8.78,0.0,8.78,0.0,0.0,70.26,0.0,42757664.0,55492296.0,8342952.0,12.78,85124.0,9918752.0,11841500.0,11.04,11405440.0,4987216.0,2136.0,6407720.0,4189332.0,25568.0,62456.0,65724.0,41943032.0,0.0,0.0,0.0,0.0,2.0,1571.0,22.04,20.03,18.41,0.0,0.0,0.0,0.0,0.0,0.0,2700.0
0,11:30:58 PM,4.0,0.6,0.0,2.59,0.0,0.0,0.0,0.0,0.0,0.0,96.81,41.83,218458.76,17.93,0.0,17.93,0.0,0.0,1019.92,0.0,42753160.0,55488572.0,8346904.0,12.78,85124.0,9919444.0,11848112.0,11.05,11409888.0,4987980.0,568.0,6412220.0,4189192.0,25504.0,62472.0,65692.0,41943032.0,0.0,0.0,0.0,0.0,1.0,1571.0,22.11,20.08,18.44,0.0,0.8,0.0,0.0,0.0,0.0,2700.0
0,11:31:03 PM,4.0,0.61,0.0,3.44,0.0,0.0,0.0,0.0,0.0,0.0,95.95,44.31,217144.71,9.98,0.0,9.98,0.0,0.0,79.84,0.0,42741984.0,55482908.0,8352504.0,12.79,85124.0,9924888.0,11843132.0,11.04,11412860.0,4993476.0,6064.0,6415144.0,4189324.0,25504.0,62464.0,65660.0,41943032.0,0.0,0.0,0.0,0.0,1.0,1571.0,22.02,20.1,18.45,0.0,0.0,0.0,0.0,0.0,0.0,2700.0
0,11:31:08 PM,4.0,1.0,0.0,1.8,0.0,0.0,0.0,0.0,0.0,0.0,97.19,45.62,239520.72,24.5,0.0,24.5,0.0,0.0,7523.51,0.0,42724860.0,55478652.0,8356096.0,12.8,85124.0,9937860.0,11849164.0,11.05,11433556.0,4989372.0,17464.0,6419080.0,4189884.0,25504.0,62492.0,65676.0,41943032.0,0.0,0.0,0.0,0.0,2.0,1571.0,21.94,20.11,18.47,0.0,8.76,0.0,0.0,0.0,0.0,2700.0
0,11:31:13 PM,4.0,1.36,0.97,4.28,0.0,0.0,0.0,0.0,0.0,0.0,93.39,44.34,240860.08,169.67,159.88,9.79,0.0,35847.98,175.05,0.0,42718396.0,55456092.0,8378332.0,12.83,85124.0,9921744.0,11806132.0,11.01,11442992.0,4990236.0,1836.0,6445344.0,4190228.0,25552.0,62492.0,65724.0,41943032.0,0.0,0.0,0.0,0.0,1.0,1574.0,21.95,20.15,18.48,0.0,7.87,0.0,0.0,0.0,0.0,2700.0
0,11:31:18 PM,4.0,1.2,0.0,2.79,0.0,0.0,0.0,0.0,0.0,0.0,96.01,43.03,219756.37,10.16,0.0,10.16,0.0,0.0,382.47,0.0,42712128.0,55450508.0,8383848.0,12.84,85124.0,9922476.0,11847568.0,11.05,11446096.0,4990912.0,2568.0,6448412.0,4190248.0,25552.0,62496.0,65756.0,41943032.0,0.0,0.0,0.0,0.0,1.0,1574.0,21.95,20.18,18.5,0.0,1.0,0.0,0.0,0.0,0.0,2700.0
0,11:31:23 PM,4.0,0.39,0.0,3.3,0.0,0.0,0.0,0.0,0.0,0.0,96.31,42.61,231157.39,35.7,0.0,35.7,0.0,0.0,1150.1,0.0,42710832.0,55449888.0,8384704.0,12.84,85124.0,9923176.0,11849264.0,11.05,11448720.0,4991588.0,580.0,6450972.0,4189988.0,25552.0,62512.0,65788.0,41943032.0,0.0,0.0,0.0,0.0,1.0,1574.0,21.96,20.21,18.52,0.0,13.24,0.0,0.0,0.0,0.0,2700.0
0,11:31:28 PM,4.0,0.4,0.0,1.21,0.0,0.0,0.0,0.0,0.0,0.0,98.39,42.03,220821.12,8.57,0.0,8.57,0.0,0.0,68.53,0.0,42704444.0,55444324.0,8390464.0,12.85,85124.0,9923884.0,11840224.0,11.04,11451136.0,4992412.0,1328.0,6453008.0,4189908.0,25504.0,62508.0,65692.0,41943032.0,0.0,0.0,0.0,0.0,2.0,1571.0,22.04,20.25,18.55,0.0,20.32,0.0,0.0,0.0,0.0,2700.0
0,11:31:33 PM,4.0,0.8,0.0,3.02,0.0,0.0,0.0,0.0,0.0,0.0,96.18,43.63,235518.92,9.76,0.0,9.76,0.0,0.0,78.09,0.0,42702584.0,55443108.0,8391496.0,12.85,85124.0,9924548.0,11845472.0,11.05,11453312.0,4993056.0,1992.0,6455420.0,4190072.0,25504.0,62516.0,65724.0,41943032.0,0.0,0.0,0.0,0.0,4.0,1571.0,22.12,20.3,18.57,0.0,11.55,0.0,0.0,0.0,0.0,2700.0
0,11:31:38 PM,4.0,0.39,0.0,3.67,0.0,0.0,0.0,0.0,0.0,0.0,95.95,43.19,225115.36,17.27,0.0,17.27,0.0,0.0,979.65,0.0,42699676.0,55440944.0,8393576.0,12.86,85124.0,9925392.0,11858904.0,11.06,11456152.0,4993800.0,604.0,6458420.0,4190056.0,25504.0,62528.0,65708.0,41943032.0,0.0,0.0,0.0,0.0,2.0,1571.0,22.27,20.36,18.6,0.0,0.0,0.0,0.0,0.0,0.0,2699.92
0,11:31:43 PM,4.0,1.79,0.0,1.98,0.0,0.0,0.0,0.0,0.0,0.0,96.23,43.36,227277.34,9.77,0.0,9.77,0.0,0.0,78.12,0.0,42696408.0,55438484.0,8396216.0,12.86,85124.0,9926116.0,11859156.0,11.06,11459060.0,4994608.0,1364.0,6461436.0,4189960.0,25504.0,62540.0,65756.0,41943032.0,0.0,0.0,0.0,0.0,1.0,1571.0,22.49,20.44,18.64,0.0,0.0,0.0,0.0,0.0,0.0,2700.0
0,11:31:49 PM,4.0,2.98,0.0,3.58,0.0,0.0,0.0,0.0,0.0,0.0,93.44,44.23,230099.61,22.7,0.0,22.7,0.0,0.0,995.69,0.0,42692708.0,55435520.0,8399248.0,12.86,85124.0,9926824.0,11865408.0,11.06,11460932.0,4995344.0,528.0,6463208.0,4189920.0,25504.0,62544.0,65676.0,41943032.0,0.0,0.0,0.0,0.0,1.0,1571.0,22.53,20.48,18.66,0.0,0.0,0.0,0.0,0.0,0.0,2700.0
0,11:31:54 PM,4.0,0.99,0.0,3.56,0.0,0.0,0.0,0.0,0.0,0.0,95.45,43.36,241077.15,9.38,0.0,9.38,0.0,0.0,75.0,0.0,42687400.0,55430900.0,8403812.0,12.87,85124.0,9927560.0,11892772.0,11.09,11463652.0,4996032.0,1300.0,6466084.0,4189928.0,25520.0,62548.0,65740.0,41943032.0,0.0,0.0,0.0,0.0,3.0,1571.0,22.57,20.52,18.68,0.0,1.37,0.0,0.0,0.0,0.0,2699.97
0,11:31:59 PM,4.0,0.99,0.0,4.73,0.0,0.0,0.0,0.0,0.0,0.0,94.28,38.75,225541.49,15.66,0.0,15.66,0.0,0.0,679.45,0.0,42694068.0,55438276.0,8396556.0,12.86,85124.0,9928284.0,11891636.0,11.09,11458204.0,4996740.0,568.0,6460516.0,4189792.0,25504.0,62564.0,65740.0,41943032.0,0.0,0.0,0.0,0.0,1.0,1571.0,22.84,20.61,18.72,0.0,3.72,0.0,0.0,0.0,0.0,2699.97
0,11:32:04 PM,4.0,1.22,0.0,6.91,0.0,0.0,0.0,0.0,0.0,0.0,91.87,43.63,224875.3,9.76,0.0,9.76,0.0,0.0,78.09,0.0,42690164.0,55435004.0,8400128.0,12.87,85124.0,9928920.0,11877496.0,11.08,11461504.0,4997372.0,1244.0,6463420.0,4189488.0,25520.0,62572.0,65676.0,41943032.0,0.0,0.0,0.0,0.0,1.0,1571.0,22.77,20.64,18.74,0.0,0.0,0.0,0.0,0.0,0.0,2699.99
0,11:32:09 PM,4.0,1.21,0.0,4.45,0.0,0.0,0.0,0.0,0.0,0.0,94.33,45.62,227236.85,18.53,0.0,18.53,0.0,0.0,937.05,0.0,42684188.0,55429924.0,8405356.0,12.87,85124.0,9929784.0,11881864.0,11.08,11466580.0,4998264.0,576.0,6468856.0,4189372.0,25504.0,62596.0,65660.0,41943032.0,0.0,0.0,0.0,0.0,2.0,1571.0,22.79,20.68,18.76,0.0,0.2,0.0,0.0,0.0,0.0,2700.0
0,11:32:14 PM,4.0,11.68,0.0,1.78,0.0,0.0,0.0,0.0,0.0,0.0,86.53,41.68,215043.64,9.2,0.0,9.2,0.0,0.0,73.58,0.0,42679764.0,55426160.0,8409144.0,12.88,85124.0,9930484.0,11886036.0,11.08,11471780.0,4998924.0,1324.0,6474016.0,4189308.0,25536.0,62600.0,65708.0,41943032.0,0.0,0.0,0.0,0.0,1.0,1571.0,22.89,20.73,18.79,0.0,0.98,0.0,0.0,0.0,0.0,2700.0
0,11:32:19 PM,4.0,2.62,0.0,1.41,0.0,0.0,0.0,0.0,0.0,0.0,95.97,42.63,225740.64,20.72,0.0,20.72,0.0,0.0,1092.43,0.0,42674128.0,55421236.0,8413736.0,12.89,85124.0,9931220.0,11877496.0,11.08,11476968.0,4999628.0,488.0,6479232.0,4189616.0,25520.0,62604.0,65724.0,41943032.0,0.0,0.0,0.0,0.0,2.0,1572.0,22.82,20.75,18.81,0.0,7.17,0.0,0.0,0.0,0.0,2700.0
0,11:32:24 PM,4.0,0.79,0.0,1.57,0.0,0.0,0.0,0.0,0.0,0.0,97.64,43.44,240593.54,9.78,0.0,9.78,0.0,0.0,78.28,0.0,42671020.0,55418928.0,8416068.0,12.89,85124.0,9931956.0,11866564.0,11.07,11481848.0,5000428.0,1272.0,6483760.0,4189656.0,25520.0,62624.0,65724.0,41943032.0,0.0,0.0,0.0,0.0,2.0,1572.0,22.83,20.79,18.83,0.0,2.74,0.0,0.0,0.0,0.0,2700.01
0,11:32:29 PM,4.0,1.4,0.0,1.6,0.0,0.0,0.0,0.0,0.0,0.0,96.99,43.23,221700.8,16.73,0.0,16.73,0.0,0.0,723.51,0.0,42665636.0,55414228.0,8420632.0,12.9,85124.0,9932688.0,11876356.0,11.07,11484448.0,5001112.0,464.0,6486700.0,4189744.0,25520.0,62628.0,65676.0,41943032.0,0.0,0.0,0.0,0.0,2.0,1572.0,22.69,20.8,18.84,0.0,1.79,0.0,0.0,0.0,0.0,2700.0
0,11:32:34 PM,4.0,1.36,0.0,6.24,0.0,0.0,0.0,0.0,0.0,0.0,92.4,42.61,229347.6,9.6,0.0,9.6,0.0,0.0,76.78,0.0,42659516.0,55408828.0,8425984.0,12.9,85124.0,9933420.0,11887400.0,11.09,11486776.0,5001832.0,1252.0,6489016.0,4189780.0,25520.0,62632.0,65740.0,41943032.0,0.0,0.0,0.0,0.0,1.0,1572.0,22.63,20.82,18.86,0.0,0.96,0.0,0.0,0.0,0.0,2700.0
0,11:32:39 PM,4.0,4.55,0.0,1.19,0.0,0.0,0.0,0.0,0.0,0.0,94.26,43.36,229043.16,17.38,0.0,17.38,0.0,0.0,718.75,0.0,42656212.0,55406248.0,8428556.0,12.91,85124.0,9934124.0,11886644.0,11.08,11490292.0,5002556.0,412.0,6492624.0,4189808.0,25536.0,62636.0,65724.0,41943032.0,0.0,0.0,0.0,0.0,1.0,1572.0,22.5,20.82,18.87,0.0,25.98,0.0,0.0,0.0,0.0,2700.0
0,11:32:45 PM,4.0,0.78,0.0,2.93,0.0,0.0,0.0,0.0,0.0,0.0,96.29,51.25,246943.76,9.4,0.0,9.4,0.0,0.0,75.24,0.0,42647940.0,55398788.0,8435956.0,12.92,85124.0,9934888.0,11882896.0,11.08,11496728.0,5003384.0,1232.0,6499020.0,4189916.0,25672.0,62592.0,65724.0,41943032.0,0.0,0.0,0.0,0.0,2.0,1585.0,22.42,20.86,18.91,0.0,6.72,0.0,0.0,0.0,0.0,2700.0
0,11:32:50 PM,4.0,0.99,0.0,3.75,0.0,0.0,0.0,0.0,0.0,0.0,95.27,44.73,226980.86,18.75,0.0,18.75,0.0,0.0,1020.9,0.0,42644356.0,55395936.0,8438484.0,12.92,85124.0,9935556.0,11876856.0,11.08,11498304.0,5004100.0,372.0,6500704.0,4190304.0,25640.0,62888.0,65740.0,41943032.0,0.0,0.0,0.0,0.0,4.0,1588.0,22.39,20.88,18.92,0.0,8.59,0.0,0.0,0.0,0.0,2699.96
0,11:32:55 PM,4.0,0.78,0.0,2.35,0.0,0.0,0.0,0.0,0.0,0.0,96.87,40.43,221231.45,8.98,0.0,8.98,0.0,0.0,71.88,0.0,42636772.0,55389300.0,8444848.0,12.93,85124.0,9936364.0,11891988.0,11.09,11505472.0,5004984.0,1244.0,6507844.0,4190716.0,25728.0,62980.0,65740.0,41943032.0,0.0,0.0,0.0,0.0,1.0,1585.0,22.28,20.88,18.93,0.0,14.45,0.0,0.0,0.0,0.0,2700.0
0,11:33:00 PM,4.0,0.8,0.0,3.82,0.0,0.0,0.0,0.0,0.0,0.0,95.37,43.71,224503.79,17.37,0.0,17.37,0.0,0.0,721.76,0.0,42639852.0,55392972.0,8441168.0,12.93,85124.0,9937092.0,11896020.0,11.09,11501892.0,5005640.0,460.0,6504348.0,4190588.0,25760.0,62972.0,65788.0,41943032.0,0.0,0.0,0.0,0.0,2.0,1584.0,22.17,20.88,18.95,0.0,5.99,0.0,0.0,0.0,0.0,2700.0
0,11:33:05 PM,4.0,0.59,0.0,1.76,0.0,0.0,0.0,0.0,0.0,0.0,97.65,41.02,224623.44,8.98,0.0,8.98,0.0,0.0,71.88,0.0,42634408.0,55388152.0,8446004.0,12.94,85124.0,9937684.0,11891448.0,11.09,11505348.0,5006264.0,1104.0,6507708.0,4190604.0,25776.0,63532.0,65724.0,41943032.0,0.0,0.0,0.0,0.0,2.0,1584.0,22.08,20.88,18.96,0.0,2.93,0.0,0.0,0.0,0.0,2700.0
0,11:33:10 PM,4.0,0.99,0.0,3.78,0.0,0.0,0.0,0.0,0.0,0.0,95.23,44.81,236909.2,17.22,0.0,17.22,0.0,0.0,718.59,0.0,42632560.0,55387088.0,8447328.0,12.94,85124.0,9938516.0,11892688.0,11.09,11506852.0,5007048.0,392.0,6509236.0,4190296.0,25712.0,63004.0,65756.0,41943032.0,0.0,0.0,0.0,0.0,1.0,1584.0,21.99,20.89,18.97,0.0,0.0,0.0,0.0,0.0,0.0,2699.99
0,11:33:15 PM,4.0,0.97,0.0,3.29,0.0,0.0,0.0,0.0,0.0,0.0,95.74,42.53,231197.89,9.58,0.0,9.58,0.0,0.0,76.63,0.0,42630608.0,55385948.0,8448756.0,12.94,85124.0,9939292.0,11887104.0,11.08,11509400.0,5007844.0,1228.0,6511748.0,4190044.0,25712.0,62988.0,65756.0,41943032.0,0.0,0.0,0.0,0.0,1.0,1584.0,22.07,20.92,18.99,0.0,0.19,0.0,0.0,0.0,0.0,2701.4
0,11:33:20 PM,4.0,1.01,0.0,4.04,0.0,0.0,0.0,0.0,0.0,0.0,94.95,44.51,224057.49,19.36,0.0,19.36,0.0,0.0,1048.1,0.0,42630236.0,55386244.0,8448312.0,12.94,85124.0,9939992.0,11900332.0,11.1,11510868.0,5008512.0,384.0,6513392.0,4190160.0,25744.0,62996.0,65740.0,41943032.0,0.0,0.0,0.0,0.0,1.0,1584.0,22.07,20.94,19.01,0.0,7.19,0.0,0.0,0.0,0.0,2700.0
0,11:33:25 PM,4.0,1.18,0.0,2.35,0.0,0.0,0.0,0.0,0.0,0.0,96.47,43.36,226444.53,9.57,0.0,9.57,0.0,0.0,76.56,0.0,42605700.0,55379516.0,8454856.0,12.95,85124.0,9957768.0,11900484.0,11.1,11532188.0,5009328.0,18216.0,6517632.0,4190376.0,25712.0,63012.0,65692.0,41943032.0,0.0,0.0,0.0,0.0,1.0,1584.0,21.98,20.94,19.02,0.0,0.0,0.0,0.0,0.0,0.0,2700.09
0,11:33:31 PM,4.0,1.81,0.0,3.41,0.0,0.0,0.0,0.0,0.0,0.0,94.78,43.51,225815.17,42.91,19.36,23.55,0.0,627.54,7509.78,0.0,42682384.0,55439728.0,8394732.0,12.86,85124.0,9941320.0,11868308.0,11.07,11464024.0,5009884.0,384.0,6466200.0,4190264.0,25712.0,63216.0,65756.0,41943032.0,0.0,0.0,0.0,0.0,3.0,1582.0,21.9,20.94,19.03,0.0,0.0,0.0,0.0,0.0,0.0,2700.0
0,11:33:36 PM,4.0,1.41,0.0,3.84,0.0,0.0,0.0,0.0,0.0,0.0,94.75,45.22,237004.18,149.8,139.84,9.96,0.0,34925.9,79.68,0.0,42669104.0,55427256.0,8407708.0,12.88,85124.0,9942148.0,11912104.0,11.11,11473280.0,5010684.0,1664.0,6475752.0,4189740.0,25760.0,63020.0,65804.0,41943032.0,0.0,0.0,0.0,0.0,1.0,1587.0,21.83,20.94,19.04,0.0,0.0,0.0,0.0,0.0,0.0,2699.99
0,11:33:41 PM,4.0,0.79,0.0,2.78,0.0,0.0,0.0,0.0,0.0,0.0,96.43,46.88,226125.78,8.98,0.0,8.98,0.0,0.0,71.88,0.0,42663296.0,55422176.0,8412788.0,12.88,85124.0,9942872.0,11928424.0,11.12,11475944.0,5011412.0,2388.0,6477896.0,4189744.0,26000.0,63044.0,65772.0,41943032.0,0.0,0.0,0.0,0.0,3.0,1577.0,21.76,20.94,19.05,0.0,25.39,0.0,0.0,0.0,0.0,2700.0
0,11:33:46 PM,4.0,0.79,0.0,4.36,0.0,0.0,0.0,0.0,0.0,0.0,94.85,43.05,218665.95,35.81,0.0,35.81,0.0,0.0,1178.86,0.0,42656192.0,55415876.0,8419316.0,12.89,85124.0,9943608.0,11931528.0,11.13,11480572.0,5012216.0,396.0,6482824.0,4189584.0,25536.0,62748.0,65756.0,41943032.0,0.0,0.0,0.0,0.0,1.0,1573.0,21.94,21.0,19.08,0.0,21.72,0.0,0.0,0.0,0.0,2700.0
0,11:33:51 PM,4.0,0.4,0.0,2.42,0.0,0.0,0.0,0.0,0.0,0.0,97.18,45.42,223124.7,13.35,0.0,13.35,0.0,0.0,636.45,0.0,42652956.0,55413356.0,8421896.0,12.9,85124.0,9944332.0,11909956.0,11.11,11484156.0,5012932.0,1180.0,6486256.0,4189516.0,25512.0,62632.0,65676.0,41943032.0,0.0,0.0,0.0,0.0,1.0,1572.0,21.87,21.0,19.09,0.0,0.0,0.0,0.0,0.0,0.0,2699.88
0,11:33:56 PM,4.0,1.21,0.0,3.83,0.0,0.0,0.0,0.0,0.0,0.0,94.96,44.31,222650.9,17.37,0.0,17.37,0.0,0.0,728.14,0.0,42649768.0,55410912.0,8424504.0,12.9,85124.0,9945076.0,11916816.0,11.11,11485320.0,5013676.0,388.0,6487560.0,4189352.0,25520.0,62764.0,65708.0,41943032.0,0.0,0.0,0.0,0.0,2.0,1572.0,21.8,21.0,19.1,0.0,5.79,0.0,0.0,0.0,0.0,2700.0
0,11:34:01 PM,4.0,0.98,0.0,6.09,0.0,0.0,0.0,0.0,0.0,0.0,92.93,42.19,237818.36,9.38,0.0,9.38,0.0,0.0,75.0,0.0,42646088.0,55407928.0,8427112.0,12.91,85124.0,9945796.0,11927416.0,11.12,11488280.0,5014372.0,1172.0,6490540.0,4189704.0,25520.0,62764.0,65708.0,41943032.0,0.0,0.0,0.0,0.0,2.0,1572.0,22.05,21.06,19.13,0.0,1.37,0.0,0.0,0.0,0.0,2700.0
0,11:34:06 PM,4.0,0.8,0.0,1.2,0.0,0.0,0.0,0.0,0.0,0.0,98.0,39.52,229104.99,16.17,0.0,16.17,0.0,0.0,728.14,0.0,42639048.0,55401592.0,8433348.0,12.92,85124.0,9946472.0,11928548.0,11.12,11494176.0,5015076.0,276.0,6496340.0,4189832.0,25552.0,62816.0,65724.0,41943032.0,0.0,0.0,0.0,0.0,1.0,1572.0,22.29,21.13,19.16,0.0,5.79,0.0,0.0,0.0,0.0,2700.0
0,11:34:11 PM,4.0,0.78,0.0,4.68,0.0,0.0,0.0,0.0,0.0,0.0,94.54,43.1,233204.02,8.24,0.0,8.24,0.0,0.0,162.45,0.0,42639068.0,55402224.0,8432420.0,12.91,85124.0,9947120.0,11978564.0,11.17,11491952.0,5015680.0,1392.0,6494208.0,4190092.0,25632.0,62776.0,65804.0,41943032.0,0.0,0.0,0.0,0.0,1.0,1574.0,22.35,21.16,19.18,0.0,16.67,0.0,0.0,0.0,0.0,2700.0
0,11:34:16 PM,4.0,0.6,0.0,1.59,0.0,0.0,0.0,0.0,0.0,0.0,97.81,39.53,232092.76,32.88,0.0,32.88,0.0,0.0,793.74,0.0,42648448.0,55412324.0,8422576.0,12.9,85124.0,9947784.0,11966380.0,11.16,11483744.0,5016384.0,276.0,6486372.0,4189892.0,25600.0,62824.0,65788.0,41943032.0,0.0,0.0,0.0,0.0,4.0,1575.0,22.24,21.16,19.19,0.0,18.0,0.0,0.0,0.0,0.0,2700.0
0,11:34:21 PM,4.0,0.58,0.0,2.69,0.0,0.0,0.0,0.0,0.0,0.0,96.74,43.87,235297.13,12.07,0.0,12.07,0.0,0.0,405.17,0.0,42643156.0,55407716.0,8427108.0,12.91,85124.0,9948532.0,11940308.0,11.13,11491028.0,5017068.0,1096.0,6493284.0,4189904.0,25584.0,62800.0,65804.0,41943032.0,0.0,0.0,0.0,0.0,4.0,1579.0,22.14,21.15,19.2,0.0,6.32,0.0,0.0,0.0,0.0,2700.0
0,11:34:27 PM,4.0,0.59,0.0,1.58,0.0,0.0,0.0,0.0,0.0,0.0,97.83,40.04,227519.14,8.98,0.0,8.98,0.0,0.0,71.88,0.0,42638852.0,55404120.0,8430796.0,12.91,85124.0,9949224.0,11955484.0,11.15,11493036.0,5017776.0,1788.0,6495580.0,4189828.0,25520.0,62756.0,65788.0,41943032.0,0.0,0.0,0.0,0.0,1.0,1574.0,22.05,21.15,19.21,0.0,7.03,0.0,0.0,0.0,0.0,2699.83
0,11:34:32 PM,4.0,0.81,0.0,1.61,0.0,0.0,0.0,0.0,0.0,0.0,97.58,45.71,225780.84,18.36,0.0,18.36,0.0,0.0,1208.78,0.0,42635344.0,55401392.0,8433228.0,12.92,85124.0,9950020.0,11932324.0,11.13,11495804.0,5018552.0,356.0,6498032.0,4190108.0,25552.0,62804.0,65740.0,41943032.0,0.0,0.0,0.0,0.0,2.0,1574.0,22.04,21.16,19.23,0.0,5.99,0.0,0.0,0.0,0.0,2700.0
0,11:34:37 PM,4.0,0.6,0.0,2.0,0.0,0.0,0.0,0.0,0.0,0.0,97.41,43.36,220998.05,9.77,0.0,9.77,0.0,0.0,78.12,0.0,42631848.0,55398644.0,8436220.0,12.92,85124.0,9950756.0,11935564.0,11.13,11499768.0,5019284.0,1160.0,6502100.0,4189876.0,25552.0,62812.0,65788.0,41943032.0,0.0,0.0,0.0,0.0,3.0,1574.0,21.96,21.16,19.24,0.0,3.52,0.0,0.0,0.0,0.0,2700.0
0,11:34:42 PM,4.0,1.16,0.0,4.26,0.0,0.0,0.0,0.0,0.0,0.0,94.58,42.61,233171.21,9.6,0.0,9.6,0.0,0.0,76.78,0.0,42625264.0,55392808.0,8441828.0,12.93,85124.0,9951480.0,11939512.0,11.13,11503396.0,5020000.0,1884.0,6505608.0,4190128.0,25552.0,62828.0,65756.0,41943032.0,0.0,0.0,0.0,0.0,3.0,1574.0,21.88,21.16,19.25,0.0,1.54,0.0,0.0,0.0,0.0,2700.0
0,11:34:47 PM,4.0,0.79,0.0,3.95,0.0,0.0,0.0,0.0,0.0,0.0,95.26,43.36,230938.67,17.58,0.0,17.58,0.0,0.0,992.19,0.0,42620236.0,55388488.0,8445920.0,12.94,85124.0,9952160.0,11936916.0,11.13,11508168.0,5020708.0,304.0,6510460.0,4190384.0,25536.0,62832.0,65708.0,41943032.0,0.0,0.0,0.0,0.0,1.0,1573.0,21.81,21.16,19.26,0.0,0.0,0.0,0.0,0.0,0.0,2699.99
0,11:34:52 PM,4.0,0.81,0.0,2.65,0.0,0.0,0.0,0.0,0.0,0.0,96.54,42.71,220503.79,12.77,0.0,12.77,0.0,0.0,434.93,0.0,42613892.0,55382880.0,8451708.0,12.94,85124.0,9952920.0,11941256.0,11.14,11513252.0,5021428.0,1136.0,6515512.0,4190180.0,25632.0,62836.0,65740.0,41943032.0,0.0,0.0,0.0,0.0,1.0,1573.0,21.75,21.15,19.27,0.0,1.2,0.0,0.0,0.0,0.0,2700.0
0,11:34:57 PM,4.0,1.36,0.0,4.65,0.0,0.0,0.0,0.0,0.0,0.0,93.99,44.64,231224.33,16.67,0.0,16.67,0.0,0.0,723.37,0.0,42608820.0,55378604.0,8456024.0,12.95,85124.0,9953668.0,11946148.0,11.14,11517256.0,5022176.0,660.0,6519496.0,4190188.0,25568.0,62844.0,65788.0,41943032.0,0.0,0.0,0.0,0.0,5.0,1582.0,21.69,21.15,19.28,0.0,27.01,0.0,0.0,0.0,0.0,2700.03
0,11:35:02 PM,4.0,0.2,0.0,1.81,0.0,0.0,0.0,0.0,0.0,0.0,97.99,40.32,215025.75,9.38,0.0,9.38,0.0,0.0,75.05,0.0,42605980.0,55376460.0,8458288.0,12.95,85124.0,9954340.0,11950660.0,11.14,11518616.0,5022872.0,1408.0,6521652.0,4190092.0,25472.0,62752.0,65756.0,41943032.0,0.0,0.0,0.0,0.0,1.0,1573.0,21.63,21.15,19.29,0.0,3.59,0.0,0.0,0.0,0.0,2700.01
0,11:35:07 PM,4.0,1.0,0.0,1.6,0.0,0.0,0.0,0.0,0.0,0.0,97.4,45.62,242103.78,36.06,0.0,36.06,0.0,0.0,894.02,0.0,42599616.0,55370868.0,8463216.0,12.96,85124.0,9955124.0,11952056.0,11.15,11521996.0,5023644.0,224.0,6524476.0,4190744.0,25568.0,62876.0,65708.0,41943032.0,0.0,0.0,0.0,0.0,2.0,1573.0,21.82,21.19,19.31,0.0,30.28,0.0,0.0,0.0,0.0,2700.0
0,11:35:12 PM,4.0,2.84,0.0,4.87,0.0,0.0,0.0,0.0,0.0,0.0,92.29,44.22,230099.4,9.96,0.0,9.96,0.0,0.0,79.68,0.0,42594844.0,55366800.0,8466796.0,12.97,85124.0,9955840.0,11952660.0,11.15,11524764.0,5024332.0,1016.0,6527036.0,4191220.0,25568.0,62876.0,65772.0,41943032.0,0.0,0.0,0.0,0.0,2.0,1573.0,21.84,21.21,19.33,0.0,16.93,0.0,0.0,0.0,0.0,2699.99
0,11:35:17 PM,4.0,1.21,0.0,2.02,0.0,0.0,0.0,0.0,0.0,0.0,96.77,43.71,224284.83,9.78,0.0,9.78,0.0,0.0,78.24,0.0,42593996.0,55366704.0,8467340.0,12.97,85124.0,9956536.0,11939896.0,11.13,11526716.0,5025020.0,1712.0,6529032.0,4190828.0,25680.0,62880.0,65708.0,41943032.0,0.0,0.0,0.0,0.0,2.0,1573.0,21.77,21.2,19.33,0.0,0.0,0.0,0.0,0.0,0.0,2700.0
0,11:35:22 PM,4.0,0.8,0.0,2.4,0.0,0.0,0.0,0.0,0.0,0.0,96.79,39.44,214693.43,16.14,0.0,16.14,0.0,0.0,1104.38,0.0,42598036.0,55371492.0,8462468.0,12.96,85124.0,9957256.0,11952884.0,11.15,11522672.0,5025736.0,148.0,6524632.0,4190940.0,25520.0,62884.0,65772.0,41943032.0,0.0,0.0,0.0,0.0,1.0,1572.0,21.79,21.22,19.35,0.0,0.0,0.0,0.0,0.0,0.0,2700.0
0,11:35:27 PM,4.0,0.8,0.0,2.41,0.0,0.0,0.0,0.0,0.0,0.0,96.79,45.71,220882.63,11.18,0.0,11.18,0.0,0.0,399.4,0.0,42593504.0,55367732.0,8466388.0,12.97,85124.0,9958004.0,11945120.0,11.14,11525852.0,5026508.0,984.0,6528068.0,4190804.0,25520.0,62888.0,65708.0,41943032.0,0.0,0.0,0.0,0.0,3.0,1572.0,21.72,21.21,19.36,0.0,0.0,0.0,0.0,0.0,0.0,2699.98
0,11:35:32 PM,4.0,1.39,0.0,3.96,0.0,0.0,0.0,0.0,0.0,0.0,94.65,43.36,223730.27,16.99,0.0,16.99,0.0,0.0,709.38,0.0,42590976.0,55365908.0,8468296.0,12.97,85124.0,9958688.0,11937616.0,11.13,11528952.0,5027196.0,496.0,6531300.0,4190740.0,25536.0,62896.0,65740.0,41943032.0,0.0,0.0,0.0,0.0,1.0,1572.0,21.67,21.21,19.37,0.0,10.16,0.0,0.0,0.0,0.0,2700.0
0,11:35:38 PM,4.0,1.01,0.0,2.83,0.0,0.0,0.0,0.0,0.0,0.0,96.15,43.71,230774.45,9.78,0.0,9.78,0.0,0.0,78.24,0.0,42586380.0,55362068.0,8472048.0,12.98,85124.0,9959476.0,11943424.0,11.14,11532252.0,5027952.0,988.0,6534592.0,4190796.0,25520.0,62904.0,65772.0,41943032.0,0.0,0.0,0.0,0.0,2.0,1572.0,21.61,21.21,19.38,0.0,23.35,0.0,0.0,0.0,0.0,2701.65
0,11:35:43 PM,4.0,0.99,0.0,3.55,0.0,0.0,0.0,0.0,0.0,0.0,95.46,43.36,241587.11,9.77,0.0,9.77,0.0,0.0,78.12,0.0,42578708.0,55355092.0,8479012.0,12.99,85124.0,9960172.0,11975424.0,11.17,11537756.0,5028648.0,1684.0,6539964.0,4190808.0,25520.0,62912.0,65708.0,41943032.0,0.0,0.0,0.0,0.0,1.0,1572.0,21.56,21.2,19.39,0.0,12.89,0.0,0.0,0.0,0.0,2699.8
0,11:35:48 PM,4.0,0.59,0.0,1.98,0.0,0.0,0.0,0.0,0.0,0.0,97.43,43.05,222099.61,23.09,0.0,23.09,0.0,0.0,7663.41,0.0,42555272.0,55349428.0,8484320.0,12.99,85124.0,9977880.0,11967324.0,11.16,11561264.0,5029380.0,17004.0,6546388.0,4191228.0,25584.0,62912.0,65692.0,41943032.0,0.0,0.0,0.0,0.0,5.0,1577.0,21.68,21.23,19.41,0.0,18.2,0.0,0.0,0.0,0.0,2700.0
0,11:35:53 PM,4.0,1.35,0.0,3.28,0.0,0.0,0.0,0.0,0.0,0.0,95.38,44.83,234167.24,170.69,159.77,10.92,0.0,35783.91,188.7,0.0,42549628.0,55327532.0,8506280.0,13.03,85124.0,9961656.0,11896864.0,11.09,11569668.0,5030136.0,1424.0,6572184.0,4191136.0,25584.0,62864.0,65676.0,41943032.0,0.0,0.0,0.0,0.0,1.0,1574.0,21.86,21.28,19.43,0.0,19.35,0.0,0.0,0.0,0.0,2700.04
0,11:35:58 PM,4.0,1.0,0.0,1.61,0.0,0.0,0.0,0.0,0.0,0.0,97.39,44.11,220551.1,13.17,0.0,13.17,0.0,0.0,439.72,0.0,42539592.0,55318252.0,8515504.0,13.04,85124.0,9962400.0,11946028.0,11.14,11577892.0,5030860.0,2168.0,6580376.0,4191204.0,25680.0,62932.0,65804.0,41943032.0,0.0,0.0,0.0,0.0,1.0,1582.0,21.88,21.29,19.44,0.0,42.71,0.0,0.0,0.0,0.0,2700.0
0,11:36:03 PM,4.0,0.99,0.0,5.74,0.0,0.0,0.0,0.0,0.0,0.0,93.27,41.02,236057.42,36.72,0.0,36.72,0.0,0.0,1184.38,0.0,42536268.0,55315668.0,8518068.0,13.05,85124.0,9963104.0,11951048.0,11.14,11579808.0,5031568.0,56.0,6582076.0,4191260.0,25680.0,62936.0,65884.0,41943032.0,0.0,0.0,0.0,0.0,4.0,1582.0,21.81,21.29,19.45,0.0,1.95,0.0,0.0,0.0,0.0,2700.0
0,11:36:08 PM,4.0,1.02,0.0,2.24,0.0,0.0,0.0,0.0,0.0,0.0,96.75,45.62,227367.33,9.96,0.0,9.96,0.0,0.0,79.68,0.0,42530512.0,55310744.0,8523244.0,13.05,85124.0,9963900.0,11944820.0,11.14,11584648.0,5032400.0,972.0,6586872.0,4191044.0,25632.0,62940.0,65820.0,41943032.0,0.0,0.0,0.0,0.0,1.0,1579.0,21.74,21.28,19.46,0.0,1.0,0.0,0.0,0.0,0.0,2700.04
0,11:36:13 PM,4.0,0.97,0.0,5.25,0.0,0.0,0.0,0.0,0.0,0.0,93.77,43.44,226755.19,17.22,0.0,17.22,0.0,0.0,715.46,0.0,42530972.0,55311928.0,8522224.0,13.05,85124.0,9964604.0,11949572.0,11.14,11584792.0,5033124.0,96.0,6587124.0,4190900.0,25632.0,62956.0,65868.0,41943032.0,0.0,0.0,0.0,0.0,1.0,1579.0,21.68,21.28,19.47,0.0,0.78,0.0,0.0,0.0,0.0,2699.99
0,11:36:18 PM,4.0,1.16,0.0,3.67,0.0,0.0,0.0,0.0,0.0,0.0,95.17,42.72,231699.04,9.58,0.0,9.58,0.0,0.0,76.63,0.0,42527520.0,55309140.0,8524896.0,13.06,85124.0,9965328.0,11981180.0,11.17,11586672.0,5033772.0,924.0,6589020.0,4190956.0,25632.0,62976.0,65804.0,41943032.0,0.0,0.0,0.0,0.0,1.0,1579.0,21.63,21.27,19.48,0.0,1.34,0.0,0.0,0.0,0.0,2700.0
0,11:36:23 PM,4.0,1.41,0.0,4.64,0.0,0.0,0.0,0.0,0.0,0.0,93.95,44.31,218601.0,18.36,0.0,18.36,0.0,0.0,804.79,0.0,42523428.0,55305716.0,8528076.0,13.06,85124.0,9966084.0,11974256.0,11.17,11589892.0,5034424.0,528.0,6592128.0,4191112.0,25632.0,62976.0,65868.0,41943032.0,0.0,0.0,0.0,0.0,1.0,1579.0,21.58,21.27,19.49,0.0,0.0,0.0,0.0,0.0,0.0,2699.93
0,11:36:28 PM,4.0,0.8,0.0,4.98,0.0,0.0,0.0,0.0,0.0,0.0,94.22,44.73,246845.51,14.84,0.0,14.84,0.0,0.0,442.97,0.0,42519756.0,55302836.0,8531400.0,13.07,85124.0,9966712.0,11974864.0,11.17,11591088.0,5035216.0,888.0,6593884.0,4190832.0,25616.0,62992.0,65788.0,41943032.0,0.0,0.0,0.0,0.0,1.0,1578.0,21.77,21.31,19.51,0.0,12.89,0.0,0.0,0.0,0.0,2700.0
0,11:36:34 PM,4.0,1.16,0.0,6.0,0.0,0.0,0.0,0.0,0.0,0.0,92.84,42.61,226831.48,16.89,0.0,16.89,0.0,0.0,707.87,0.0,42517068.0,55301012.0,8533212.0,13.07,85124.0,9967560.0,11981424.0,11.17,11592856.0,5036064.0,140.0,6595152.0,4190860.0,25616.0,62992.0,65820.0,41943032.0,0.0,0.0,0.0,0.0,1.0,1578.0,21.71,21.31,19.52,0.0,0.0,0.0,0.0,0.0,0.0,2700.0
0,11:36:39 PM,4.0,1.0,0.0,1.6,0.0,0.0,0.0,0.0,0.0,0.0,97.4,14.34,190465.94,0.0,0.0,0.0,0.0,0.0,0.0,0.0,42518456.0,55302704.0,8531616.0,13.07,85124.0,9967796.0,11974500.0,11.17,11590876.0,5036352.0,488.0,6593088.0,4190832.0,25584.0,62992.0,65804.0,41943032.0,0.0,0.0,0.0,0.0,1.0,1576.0,21.65,21.3,19.53,0.0,0.0,0.0,0.0,0.0,0.0,2700.0
0,11:36:44 PM,4.0,0.6,0.0,2.21,0.0,0.0,0.0,0.0,0.0,0.0,97.18,10.78,187345.51,0.0,0.0,0.0,0.0,0.0,0.0,0.0,42518884.0,55303316.0,8530696.0,13.07,85124.0,9968012.0,11984728.0,11.18,11590928.0,5036536.0,704.0,6593192.0,4191108.0,25584.0,62992.0,65788.0,41943032.0,0.0,0.0,0.0,0.0,1.0,1576.0,21.6,21.3,19.54,0.0,0.0,0.0,0.0,0.0,0.0,2699.99
0,11:36:49 PM,4.0,0.59,0.0,2.56,0.0,0.0,0.0,0.0,0.0,0.0,96.85,1.37,213878.32,0.0,0.0,0.0,0.0,0.0,0.0,0.0,42518128.0,55302676.0,8531232.0,13.07,85124.0,9968232.0,11980612.0,11.17,11591488.0,5036652.0,924.0,6593768.0,4191108.0,25584.0,62992.0,65772.0,41943032.0,0.0,0.0,0.0,0.0,1.0,1576.0,21.63,21.31,19.55,0.0,0.0,0.0,0.0,0.0,0.0,2700.0
0,11:36:54 PM,4.0,0.59,0.0,1.18,0.0,0.0,0.0,0.0,0.0,0.0,98.23,0.0,193169.28,1.17,0.0,1.17,0.0,0.0,211.55,0.0,42518784.0,55303584.0,8530308.0,13.06,85124.0,9968500.0,11980612.0,11.17,11590232.0,5036900.0,1192.0,6592720.0,4191108.0,25584.0,62992.0,65772.0,41943032.0,0.0,0.0,0.0,0.0,1.0,1576.0,21.58,21.3,19.56,0.0,0.0,0.0,0.0,0.0,0.0,2700.0
0,11:36:59 PM,4.0,0.39,0.0,2.5,0.0,0.0,0.0,0.0,0.0,0.0,97.11,0.96,199255.36,7.66,0.0,7.66,0.0,0.0,338.89,0.0,42518056.0,55303108.0,8530760.0,13.07,85124.0,9968708.0,11980612.0,11.17,11591052.0,5037152.0,1400.0,6593336.0,4191176.0,25616.0,63024.0,65772.0,41943032.0,0.0,0.0,0.0,0.0,2.0,1578.0,21.61,21.31,19.57,0.0,0.0,0.0,0.0,0.0,0.0,2699.27
0,11:37:04 PM,4.0,0.81,0.0,1.61,0.0,0.0,0.0,0.0,0.0,0.0,97.58,0.2,195405.78,2.59,0.0,2.59,0.0,0.0,135.46,0.0,42529612.0,55294036.0,8533200.0,13.07,85124.0,9948912.0,11980612.0,11.17,11592764.0,5017452.0,1936.0,6595080.0,4196976.0,25600.0,63036.0,65756.0,41943032.0,0.0,0.0,0.0,0.0,2.0,1577.0,21.56,21.31,19.58,0.0,0.0,0.0,0.0,0.0,0.0,2700.78
0,11:37:09 PM,4.0,1.91,0.0,1.72,0.0,0.0,0.0,0.0,0.0,0.0,96.37,5.08,271303.2,7.16,0.0,7.16,0.0,0.0,549.91,0.0,42324508.0,55118208.0,8704976.0,13.33,85124.0,9971984.0,12139872.0,11.32,11762820.0,5040576.0,23408.0,6765340.0,4207232.0,25672.0,63400.0,65740.0,41943032.0,0.0,0.0,0.0,0.0,4.0,1579.0,21.52,21.3,19.59,0.0,19.02,0.0,0.0,0.0,0.0,2699.97
0,11:37:15 PM,4.0,2.23,0.0,1.62,0.0,0.0,0.0,0.0,0.0,0.0,96.15,3.59,310165.14,28.29,0.2,28.09,0.0,1.59,21977.69,0.0,42246456.0,55090144.0,8702612.0,13.33,85124.0,10010444.0,12070324.0,11.26,11753660.0,5078940.0,6908.0,6755860.0,4249188.0,25648.0,63520.0,65756.0,41943032.0,0.0,0.0,0.0,0.0,2.0,1578.0,21.72,21.35,19.61,0.0,0.0,0.0,0.0,0.0,0.0,2689.92
0,11:37:20 PM,4.0,0.59,0.0,2.16,0.0,0.0,0.0,0.0,0.0,0.0,97.25,0.0,197385.91,21.92,0.0,21.92,0.0,0.0,2688.06,0.0,42240828.0,55084732.0,8706360.0,13.33,85124.0,10010720.0,12070324.0,11.26,11759108.0,5079152.0,276.0,6761284.0,4250792.0,25616.0,63528.0,65756.0,41943032.0,0.0,0.0,0.0,0.0,2.0,1578.0,21.66,21.34,19.62,0.0,0.0,0.0,0.0,0.0,0.0,2700.0
0,11:37:25 PM,4.0,1.61,0.0,0.8,0.0,0.0,0.0,0.0,0.0,0.0,97.59,17.13,136495.62,1.0,0.0,1.0,0.0,0.0,208.96,0.0,42441540.0,55283944.0,8505444.0,13.03,85124.0,10011100.0,11736536.0,10.94,11561312.0,5077664.0,1692.0,6561440.0,4250616.0,25216.0,62228.0,65388.0,41943032.0,0.0,0.0,0.0,0.0,1.0,1553.0,21.69,21.35,19.63,0.0,0.0,0.0,0.0,0.0,0.0,2699.99
0,11:37:30 PM,4.0,0.2,0.0,0.59,0.0,0.0,0.0,0.0,0.0,0.0,99.21,14.29,55837.96,6.85,0.0,6.85,0.0,0.0,2920.16,0.0,42463840.0,55301648.0,8505184.0,13.03,85124.0,10011300.0,11732436.0,10.94,11561344.0,5077804.0,1892.0,6561404.0,4228376.0,25200.0,62228.0,65372.0,41943032.0,0.0,0.0,0.0,0.0,1.0,1552.0,21.71,21.36,19.64,0.0,0.0,0.0,0.0,0.0,0.0,2700.0
0,11:37:35 PM,4.0,0.0,0.0,0.0,0.0,0.0,0.0,0.0,0.0,0.0,100.0,0.0,55473.05,50.59,0.0,50.59,0.0,0.0,814.06,0.0,42463920.0,55301152.0,8504936.0,13.03,85124.0,10011500.0,11732436.0,10.94,11562028.0,5077228.0,12.0,6561524.0,4228344.0,25200.0,62228.0,65372.0,41943032.0,0.0,0.0,0.0,0.0,1.0,1552.0,21.68,21.37,19.66,0.0,0.0,0.0,0.0,0.0,0.0,2700.0
0,11:37:40 PM,4.0,0.0,0.0,0.0,0.0,0.0,0.0,0.0,0.0,0.0,100.0,0.0,50048.1,0.0,0.0,0.0,0.0,0.0,0.0,0.0,42464016.0,55301372.0,8504664.0,13.03,85124.0,10011676.0,11732436.0,10.94,11561892.0,5077352.0,276.0,6561388.0,4228344.0,25200.0,62228.0,65372.0,41943032.0,0.0,0.0,0.0,0.0,1.0,1552.0,21.62,21.36,19.67,0.0,0.0,0.0,0.0,0.0,0.0,2699.97
0,11:37:45 PM,4.0,0.0,0.0,0.0,0.0,0.0,0.0,0.0,0.0,0.0,100.0,0.0,49941.43,0.0,0.0,0.0,0.0,0.0,0.0,0.0,42464904.0,55302344.0,8504632.0,13.03,85124.0,10011876.0,11732436.0,10.94,11561952.0,5077436.0,484.0,6561508.0,4227288.0,25200.0,62228.0,65372.0,41943032.0,0.0,0.0,0.0,0.0,1.0,1552.0,21.57,21.36,19.68,0.0,0.0,0.0,0.0,0.0,0.0,2699.85
0,11:37:50 PM,4.0,0.2,0.0,0.0,0.0,0.0,0.0,0.0,0.0,0.0,99.8,1.4,50797.8,0.0,0.0,0.0,0.0,0.0,0.0,0.0,42465976.0,55303912.0,8503200.0,13.02,85124.0,10012204.0,11724328.0,10.93,11561460.0,5077900.0,812.0,6560916.0,4227320.0,25200.0,62228.0,65372.0,41943032.0,0.0,0.0,0.0,0.0,1.0,1552.0,21.53,21.35,19.69,0.0,0.0,0.0,0.0,0.0,0.0,2699.97
0,11:37:55 PM,4.0,0.0,0.0,0.4,0.0,0.0,0.0,0.0,0.0,0.0,99.6,0.0,52574.9,0.4,0.0,0.4,0.0,0.0,102.19,0.0,42498560.0,55337140.0,8469900.0,12.97,85124.0,10012808.0,11724328.0,10.93,11528976.0,5078432.0,1416.0,6528456.0,4227432.0,25200.0,62220.0,65372.0,41943032.0,0.0,0.0,0.0,0.0,1.0,1552.0,21.48,21.34,19.69,0.0,0.0,0.0,0.0,0.0,0.0,2700.04
0,11:38:00 PM,4.0,0.0,0.0,0.2,0.0,0.0,0.0,0.0,0.0,0.0,99.8,0.0,57477.93,16.21,0.0,16.21,0.0,0.0,3660.35,0.0,42502004.0,55341160.0,8469332.0,12.97,85124.0,10013324.0,11724328.0,10.93,11528216.0,5078960.0,1932.0,6527916.0,4224040.0,25200.0,62220.0,65372.0,41943032.0,0.0,0.0,0.0,0.0,1.0,1552.0,21.44,21.34,19.7,0.0,0.0,0.0,0.0,0.0,0.0,2700.0
0,11:38:05 PM,4.0,0.2,0.0,0.2,0.0,0.0,0.0,0.0,0.0,0.0,99.61,0.0,57933.07,6.85,0.0,6.85,0.0,0.0,774.95,0.0,42500880.0,55340752.0,8469632.0,12.97,85124.0,10013972.0,11724328.0,10.93,11528600.0,5079564.0,684.0,6527704.0,4224216.0,25200.0,62220.0,65372.0,41943032.0,0.0,0.0,0.0,0.0,1.0,1552.0,21.41,21.33,19.71,0.0,0.0,0.0,0.0,0.0,0.0,2700.02
0,11:38:10 PM,4.0,0.2,0.0,0.39,0.0,0.0,0.0,0.0,0.0,0.0,99.41,1.37,57582.42,7.23,0.0,7.23,0.0,0.0,557.81,0.0,42473300.0,55341084.0,8469300.0,12.97,85124.0,10041780.0,11716220.0,10.93,11548776.0,5090404.0,27164.0,6531384.0,4224320.0,25200.0,62224.0,65340.0,41943032.0,0.0,0.0,0.0,0.0,1.0,1552.0,21.38,21.33,19.72,0.0,0.0,0.0,0.0,0.0,0.0,2700.0
0,11:38:15 PM,4.0,0.78,5.88,1.18,9.02,0.0,0.0,0.0,0.0,0.0,83.14,1.76,60143.84,178.67,156.95,21.72,0.0,34982.39,10890.02,0.0,42517772.0,55378304.0,8432404.0,12.91,85124.0,10034192.0,11690592.0,10.9,11507984.0,5100056.0,9292.0,6507640.0,4224332.0,25200.0,62152.0,65276.0,41943032.0,0.0,0.0,0.0,0.0,1.0,1555.0,21.35,21.32,19.72,0.0,0.0,0.0,0.0,0.0,0.0,2699.98
0,11:38:21 PM,4.0,0.2,0.0,0.4,0.0,0.0,0.0,0.0,0.0,0.0,99.4,0.0,52707.77,0.0,0.0,0.0,0.0,0.0,0.0,0.0,42510648.0,55374860.0,8435692.0,12.92,85124.0,10037876.0,11690592.0,10.9,11509328.0,5103612.0,13060.0,6509024.0,4224484.0,25248.0,62228.0,65276.0,41943032.0,0.0,0.0,0.0,0.0,1.0,1555.0,21.4,21.33,19.74,0.0,0.0,0.0,0.0,0.0,0.0,2700.0
0,11:38:26 PM,4.0,0.0,0.0,0.0,0.0,0.0,0.0,0.0,0.0,0.0,100.0,0.0,58278.47,0.2,0.0,0.2,0.0,0.0,100.2,0.0,42506964.0,55371704.0,8438752.0,12.92,85124.0,10038420.0,11690592.0,10.9,11511088.0,5104060.0,13604.0,6510368.0,4224564.0,25248.0,62228.0,65276.0,41943032.0,0.0,0.0,0.0,0.0,1.0,1555.0,21.37,21.33,19.74,0.0,0.0,0.0,0.0,0.0,0.0,2700.02
0,11:38:31 PM,4.0,0.0,0.0,0.2,0.0,0.0,0.0,0.0,0.0,0.0,99.8,1.39,52761.95,36.06,0.0,36.06,0.0,0.0,5987.45,0.0,42505964.0,55371640.0,8439548.0,12.93,85124.0,10039064.0,11682144.0,10.89,11512948.0,5104828.0,552.0,6512648.0,4224124.0,25200.0,62228.0,65244.0,41943032.0,0.0,0.0,0.0,0.0,1.0,1552.0,21.34,21.32,19.75,0.0,0.0,0.0,0.0,0.0,0.0,2695.23
0,11:38:36 PM,4.0,0.2,0.0,0.2,0.0,0.0,0.0,0.0,0.0,0.0,99.6,0.0,52848.21,0.0,0.0,0.0,0.0,0.0,0.0,0.0,42530068.0,55396468.0,8414672.0,12.89,85124.0,10039716.0,11682144.0,10.89,11483780.0,5105432.0,1224.0,6483376.0,4224244.0,25200.0,62220.0,65244.0,41943032.0,0.0,0.0,0.0,0.0,1.0,1552.0,21.31,21.32,19.76,0.0,0.0,0.0,0.0,0.0,0.0,2700.03
0,11:38:41 PM,4.0,0.0,0.0,0.0,0.0,0.0,0.0,0.0,0.0,0.0,100.0,0.0,57766.54,0.0,0.0,0.0,0.0,0.0,0.0,0.0,42530428.0,55397480.0,8413552.0,12.89,85124.0,10040328.0,11682144.0,10.89,11482296.0,5105940.0,1836.0,6481904.0,4224392.0,25200.0,62228.0,65244.0,41943032.0,0.0,0.0,0.0,0.0,1.0,1552.0,21.28,21.31,19.76,0.0,0.0,0.0,0.0,0.0,0.0,2700.0
0,11:38:46 PM,4.0,0.0,0.0,0.39,0.0,0.0,0.0,0.0,0.0,0.0,99.61,0.0,57879.69,7.42,0.0,7.42,0.0,0.0,745.31,0.0,42531088.0,55398864.0,8412196.0,12.88,85124.0,10040896.0,11682144.0,10.89,11481324.0,5106584.0,576.0,6481012.0,4224520.0,25200.0,62232.0,65244.0,41943032.0,0.0,0.0,0.0,0.0,1.0,1552.0,21.26,21.3,19.77,0.0,0.0,0.0,0.0,0.0,0.0,2699.98
0,11:38:51 PM,4.0,0.2,0.0,0.2,0.0,0.0,0.0,0.0,0.0,0.0,99.61,1.37,57612.13,0.0,0.0,0.0,0.0,0.0,0.0,0.0,42529496.0,55397912.0,8413196.0,12.89,85124.0,10041404.0,11668472.0,10.88,11481016.0,5107144.0,1104.0,6480676.0,4224604.0,25200.0,62232.0,65244.0,41943032.0,0.0,0.0,0.0,0.0,1.0,1552.0,21.24,21.3,19.78,0.0,0.0,0.0,0.0,0.0,0.0,2700.0
0,11:38:56 PM,4.0,0.19,0.0,0.19,0.0,0.0,0.0,0.0,0.0,0.0,99.62,0.0,62462.84,7.28,0.0,7.28,0.0,0.0,455.36,0.0,42528876.0,55397692.0,8413328.0,12.89,85124.0,10041820.0,11668472.0,10.88,11481740.0,5107472.0,436.0,6481504.0,4224676.0,25200.0,62232.0,65244.0,41943032.0,0.0,0.0,0.0,0.0,1.0,1552.0,21.22,21.29,19.78,0.0,0.0,0.0,0.0,0.0,0.0,2699.87
0,11:39:01 PM,4.0,0.2,0.0,0.0,0.0,0.0,0.0,0.0,0.0,0.0,99.8,0.0,52945.71,8.18,0.0,8.18,0.0,0.0,531.54,0.0,42528704.0,55398216.0,8413424.0,12.89,85124.0,10042480.0,11668472.0,10.88,11481312.0,5108048.0,1116.0,6481016.0,4224092.0,25200.0,62232.0,65244.0,41943032.0,0.0,0.0,0.0,0.0,1.0,1552.0,21.2,21.29,19.79,0.0,0.0,0.0,0.0,0.0,0.0,2700.08
0,11:39:06 PM,4.0,0.2,0.0,0.0,0.0,0.0,0.0,0.0,0.0,0.0,99.8,0.0,51556.18,0.0,0.0,0.0,0.0,0.0,0.0,0.0,42527972.0,55398012.0,8413644.0,12.89,85124.0,10042920.0,11668472.0,10.88,11482176.0,5108504.0,1556.0,6481904.0,4224164.0,25200.0,62236.0,65244.0,41943032.0,0.0,0.0,0.0,0.0,1.0,1552.0,21.19,21.28,19.8,0.0,0.0,0.0,0.0,0.0,0.0,2700.0
0,11:39:11 PM,4.0,0.2,0.0,0.4,0.0,0.0,0.0,0.0,0.0,0.0,99.4,1.8,54040.92,7.78,0.0,7.78,0.0,0.0,758.48,0.0,42526020.0,55396732.0,8414996.0,12.89,85124.0,10043448.0,11677724.0,10.89,11482344.0,5109104.0,528.0,6481884.0,4224236.0,25168.0,62236.0,65228.0,41943032.0,0.0,0.0,0.0,0.0,1.0,1550.0,21.17,21.28,19.8,0.0,0.0,0.0,0.0,0.0,0.0,2700.0
0,11:39:16 PM,4.0,0.19,0.0,0.19,0.0,0.0,0.0,0.0,0.0,0.0,99.62,0.0,66570.69,0.57,0.0,0.57,0.0,0.0,197.7,0.0,42527204.0,55467896.0,8413236.0,12.89,85124.0,10044088.0,11677724.0,10.89,11412688.0,5178920.0,1188.0,6481512.0,4224172.0,25168.0,62236.0,65228.0,41943032.0,0.0,0.0,0.0,0.0,1.0,1550.0,21.16,21.27,19.81,0.0,0.0,0.0,0.0,0.0,0.0,2700.0
0,11:39:22 PM,4.0,0.2,0.0,0.0,0.0,0.0,0.0,0.0,0.0,0.0,99.8,0.2,52360.48,7.39,0.0,7.39,0.0,0.0,530.14,0.0,42526572.0,55467844.0,8413240.0,12.89,85124.0,10044636.0,11677724.0,10.89,11413192.0,5179388.0,488.0,6481884.0,4224252.0,25168.0,62236.0,65212.0,41943032.0,0.0,0.0,0.0,0.0,1.0,1550.0,21.14,21.27,19.82,0.0,0.0,0.0,0.0,0.0,0.0,2700.18
0,11:39:27 PM,4.0,0.0,0.0,0.0,0.0,0.0,0.0,0.0,0.0,0.0,100.0,0.0,60982.42,0.39,0.0,0.39,0.0,0.0,100.2,0.0,42526568.0,55468500.0,8412628.0,12.88,85124.0,10045176.0,11677724.0,10.89,11412232.0,5179976.0,1048.0,6480540.0,4224328.0,25168.0,62236.0,65212.0,41943032.0,0.0,0.0,0.0,0.0,1.0,1550.0,21.13,21.26,19.82,0.0,0.0,0.0,0.0,0.0,0.0,2700.0
0,11:39:32 PM,4.0,0.0,0.0,0.19,0.0,0.0,0.0,0.0,0.0,0.0,99.81,1.34,59571.02,3.26,0.0,3.26,0.0,0.0,448.56,0.0,42524688.0,55467244.0,8414260.0,12.89,85124.0,10045672.0,11674240.0,10.89,11413424.0,5180512.0,1544.0,6481708.0,4224080.0,25168.0,62236.0,65196.0,41943032.0,0.0,0.0,0.0,0.0,1.0,1550.0,21.2,21.28,19.84,0.0,0.0,0.0,0.0,0.0,0.0,2700.0
0,11:39:37 PM,4.0,0.2,0.0,0.2,0.0,0.0,0.0,0.0,0.0,0.0,99.61,0.0,58012.89,7.03,0.0,7.03,0.0,0.0,675.0,0.0,42524084.0,55467448.0,8414012.0,12.89,85124.0,10046380.0,11674240.0,10.89,11413144.0,5181144.0,608.0,6481860.0,4224224.0,25168.0,62236.0,65196.0,41943032.0,0.0,0.0,0.0,0.0,1.0,1550.0,21.27,21.29,19.85,0.0,0.0,0.0,0.0,0.0,0.0,2700.03
0,11:39:42 PM,4.0,0.0,0.0,0.4,0.0,0.0,0.0,0.0,0.0,0.0,99.6,0.0,52602.79,0.0,0.0,0.0,0.0,0.0,0.0,0.0,42524660.0,55468672.0,8413760.0,12.89,85124.0,10047008.0,11674240.0,10.89,11413588.0,5181712.0,1252.0,6482268.0,4223272.0,25168.0,62240.0,65196.0,41943032.0,0.0,0.0,0.0,0.0,1.0,1550.0,21.24,21.28,19.85,0.0,0.0,0.0,0.0,0.0,0.0,2700.0
0,11:39:47 PM,4.0,0.0,0.0,0.2,0.0,0.0,0.0,0.0,0.0,0.0,99.8,0.0,52768.26,6.99,0.0,6.99,0.0,0.0,549.3,0.0,42523596.0,55468416.0,8414080.0,12.89,85124.0,10047632.0,11674240.0,10.89,11413568.0,5182368.0,572.0,6482216.0,4223392.0,25168.0,62240.0,65196.0,41943032.0,0.0,0.0,0.0,0.0,1.0,1550.0,21.22,21.28,19.86,0.0,0.0,0.0,0.0,0.0,0.0,2700.0
0,11:39:52 PM,4.0,0.2,0.0,0.0,0.0,0.0,0.0,0.0,0.0,0.0,99.8,1.37,57221.88,0.0,0.0,0.0,0.0,0.0,0.0,0.0,42521508.0,55466784.0,8415640.0,12.89,85124.0,10048120.0,11680372.0,10.89,11414460.0,5182784.0,1088.0,6483076.0,4223432.0,25168.0,62240.0,65196.0,41943032.0,0.0,0.0,0.0,0.0,2.0,1550.0,21.29,21.29,19.87,0.0,0.0,0.0,0.0,0.0,0.0,2700.03
0,11:39:57 PM,4.0,0.2,0.0,0.2,0.0,0.0,0.0,0.0,0.0,0.0,99.6,0.2,52053.29,0.4,0.0,0.4,0.0,0.0,102.4,0.0,42519892.0,55465876.0,8416640.0,12.89,85124.0,10048624.0,11680372.0,10.89,11413456.0,5183380.0,1668.0,6482560.0,4223544.0,25184.0,62240.0,65196.0,41943032.0,0.0,0.0,0.0,0.0,1.0,1551.0,21.26,21.29,19.88,0.0,0.0,0.0,0.0,0.0,0.0,2700.03
0,11:40:02 PM,4.0,0.0,0.0,0.2,0.0,0.0,0.0,0.0,0.0,0.0,99.8,0.0,58015.43,9.96,0.0,9.96,0.0,0.0,1219.14,0.0,42517536.0,55464180.0,8418688.0,12.89,85124.0,10049180.0,11680372.0,10.89,11415276.0,5183920.0,540.0,6484124.0,4223296.0,25184.0,62244.0,65196.0,41943032.0,0.0,0.0,0.0,0.0,1.0,1551.0,21.32,21.3,19.89,0.0,0.0,0.0,0.0,0.0,0.0,2689.53
0,11:40:07 PM,4.0,0.4,0.0,0.0,0.0,0.0,0.0,0.0,0.0,0.0,99.6,0.0,51573.65,0.0,0.0,0.0,0.0,0.0,0.0,0.0,42519620.0,55466768.0,8416132.0,12.89,85124.0,10049576.0,11680372.0,10.89,11413828.0,5184352.0,968.0,6482452.0,4223372.0,25184.0,62244.0,65196.0,41943032.0,0.0,0.0,0.0,0.0,1.0,1551.0,21.3,21.29,19.9,0.0,0.0,0.0,0.0,0.0,0.0,2700.0
0,11:40:12 PM,4.0,0.4,0.0,0.0,0.0,0.0,0.0,0.0,0.0,0.0,99.6,1.39,52389.04,0.0,0.0,0.0,0.0,0.0,0.0,0.0,42518436.0,55466296.0,8416616.0,12.89,85124.0,10050160.0,11674056.0,10.89,11414324.0,5184952.0,1552.0,6483068.0,4223488.0,25184.0,62244.0,65212.0,41943032.0,0.0,0.0,0.0,0.0,1.0,1551.0,21.27,21.29,19.9,0.0,0.0,0.0,0.0,0.0,0.0,2700.0
0,11:40:17 PM,4.0,0.59,0.0,0.2,0.0,0.0,0.0,0.0,0.0,0.0,99.22,0.0,57631.7,7.63,0.0,7.63,0.0,0.0,657.53,0.0,42517380.0,55465764.0,8417180.0,12.89,85124.0,10050596.0,11674056.0,10.89,11413768.0,5185404.0,376.0,6482328.0,4223544.0,25184.0,62244.0,65212.0,41943032.0,0.0,0.0,0.0,0.0,1.0,1551.0,21.25,21.28,19.91,0.0,0.0,0.0,0.0,0.0,0.0,2700.0
0,11:40:22 PM,4.0,0.4,0.0,0.2,0.0,0.0,0.0,0.0,0.0,0.0,99.4,0.0,51908.76,0.0,0.0,0.0,0.0,0.0,0.0,0.0,42515520.0,55464544.0,8418352.0,12.89,85124.0,10051164.0,11674056.0,10.89,11415332.0,5185924.0,976.0,6484060.0,4223664.0,25184.0,62248.0,65212.0,41943032.0,0.0,0.0,0.0,0.0,1.0,1551.0,21.23,21.28,19.92,0.0,0.0,0.0,0.0,0.0,0.0,2699.88
0,11:40:27 PM,4.0,0.0,0.0,0.0,0.0,0.0,0.0,0.0,0.0,0.0,100.0,1.39,52602.59,0.0,0.0,0.0,0.0,0.0,0.0,0.0,42497908.0,55464764.0,8418192.0,12.89,85124.0,10068864.0,11674460.0,10.89,11434128.0,5186716.0,18284.0,6485760.0,4223736.0,25168.0,62272.0,65196.0,41943032.0,0.0,0.0,0.0,0.0,1.0,1551.0,21.21,21.27,19.92,0.0,0.0,0.0,0.0,0.0,0.0,2700.0
0,11:40:32 PM,4.0,0.2,0.0,0.39,1.17,0.0,0.0,0.0,0.0,0.0,98.24,0.78,58870.06,39.53,21.72,17.81,0.0,2072.8,8003.13,0.0,42526788.0,55477220.0,8406508.0,12.87,85124.0,10052228.0,11600220.0,10.82,11409436.0,5187176.0,736.0,6478088.0,4223176.0,25152.0,62112.0,65164.0,41943032.0,0.0,0.0,0.0,0.0,0.0,1549.0,21.28,21.29,19.93,1.0,0.0,0.0,0.0,0.0,0.0,2700.0
0,11:40:38 PM,4.0,0.0,0.59,0.39,0.0,0.0,0.0,0.0,0.0,0.0,99.02,0.98,62589.84,141.02,141.02,0.0,0.0,34401.56,0.0,0.0,42494160.0,55445084.0,8438524.0,12.92,85124.0,10052680.0,11655204.0,10.87,11437736.0,5187556.0,1420.0,6506920.0,4223336.0,25232.0,62240.0,65164.0,41943032.0,0.0,0.0,0.0,0.0,1.0,1554.0,21.33,21.3,19.94,0.0,0.0,0.0,0.0,0.0,0.0,2700.0
0,11:40:43 PM,4.0,0.39,0.0,0.0,0.0,0.0,0.0,0.0,0.0,0.0,99.61,0.0,54518.4,0.0,0.0,0.0,0.0,0.0,0.0,0.0,42495096.0,55446720.0,8436844.0,12.92,85124.0,10053304.0,11655204.0,10.87,11436696.0,5188136.0,2044.0,6505376.0,4223456.0,25232.0,62244.0,65164.0,41943032.0,0.0,0.0,0.0,0.0,1.0,1554.0,21.31,21.29,19.95,0.0,0.0,0.0,0.0,0.0,0.0,2700.09
0,11:40:48 PM,4.0,0.0,0.0,0.39,0.0,0.0,0.0,0.0,0.0,0.0,99.61,1.37,57440.43,26.17,0.0,26.17,0.0,0.0,876.56,0.0,42491668.0,55444060.0,8439580.0,12.93,85124.0,10053908.0,11661044.0,10.87,11438596.0,5188792.0,464.0,6507256.0,4223544.0,25216.0,62236.0,65116.0,41943032.0,0.0,0.0,0.0,0.0,1.0,1552.0,21.28,21.29,19.96,0.0,0.0,0.0,0.0,0.0,0.0,2700.99
0,11:40:53 PM,4.0,0.0,0.0,0.2,0.0,0.0,0.0,0.0,0.0,0.0,99.8,0.0,57985.32,0.0,0.0,0.0,0.0,0.0,0.0,0.0,42489316.0,55442316.0,8441244.0,12.93,85124.0,10054504.0,11661044.0,10.87,11438520.0,5189312.0,1100.0,6507220.0,4223636.0,25184.0,62256.0,65116.0,41943032.0,0.0,0.0,0.0,0.0,1.0,1551.0,21.26,21.28,19.96,0.0,0.0,0.0,0.0,0.0,0.0,2700.0
0,11:40:58 PM,4.0,0.0,0.0,0.0,0.0,0.0,0.0,0.0,0.0,0.0,100.0,0.0,52147.41,0.2,0.0,0.2,0.0,0.0,101.99,0.0,42488380.0,55441996.0,8441472.0,12.93,85124.0,10055088.0,11661044.0,10.87,11439132.0,5189808.0,1684.0,6507840.0,4223760.0,25168.0,62252.0,65116.0,41943032.0,0.0,0.0,0.0,0.0,1.0,1550.0,21.24,21.28,19.97,0.0,0.0,0.0,0.0,0.0,0.0,2701.0
0,11:41:03 PM,4.0,0.0,0.0,0.0,0.0,0.0,0.0,0.0,0.0,0.0,100.0,0.0,52812.77,3.59,0.0,3.59,0.0,0.0,540.12,0.0,42487432.0,55441924.0,8442156.0,12.93,85124.0,10055760.0,11661044.0,10.87,11439068.0,5190548.0,2356.0,6507760.0,4223352.0,25152.0,62256.0,65116.0,41943032.0,0.0,0.0,0.0,0.0,1.0,1549.0,21.22,21.27,19.97,0.0,0.0,0.0,0.0,0.0,0.0,2700.0
0,11:41:08 PM,4.0,0.2,0.0,0.2,0.0,0.0,0.0,0.0,0.0,0.0,99.6,1.39,51756.57,7.37,0.0,7.37,0.0,0.0,1007.17,0.0,42486604.0,55441676.0,8442408.0,12.93,85124.0,10056232.0,11667904.0,10.88,11439100.0,5191056.0,364.0,6507776.0,4223456.0,25136.0,62256.0,65116.0,41943032.0,0.0,0.0,0.0,0.0,1.0,1548.0,21.2,21.27,19.98,0.0,0.0,0.0,0.0,0.0,0.0,2700.0
0,11:41:13 PM,4.0,0.2,0.0,0.2,0.0,0.0,0.0,0.0,0.0,0.0,99.6,0.0,54635.86,0.0,0.0,0.0,0.0,0.0,0.0,0.0,42488448.0,55458800.0,8439976.0,12.93,85124.0,10056740.0,11667904.0,10.88,11424140.0,5206256.0,908.0,6507088.0,4223536.0,25136.0,62256.0,65116.0,41943032.0,0.0,0.0,0.0,0.0,1.0,1548.0,21.18,21.26,19.98,0.0,0.0,0.0,0.0,0.0,0.0,2700.0
0,11:41:18 PM,4.0,0.0,0.0,0.2,0.0,0.0,0.0,0.0,0.0,0.0,99.8,0.0,58067.91,0.0,0.0,0.0,0.0,0.0,0.0,0.0,42485728.0,55456732.0,8441988.0,12.93,85124.0,10057344.0,11667904.0,10.88,11426076.0,5206804.0,1512.0,6509448.0,4223640.0,25136.0,62256.0,65116.0,41943032.0,0.0,0.0,0.0,0.0,2.0,1548.0,21.25,21.28,20.0,0.0,1.57,0.0,0.0,0.0,0.0,2699.97
0,11:41:23 PM,4.0,0.0,0.0,0.0,0.0,0.0,0.0,0.0,0.0,0.0,100.0,0.0,57575.98,7.23,0.0,7.23,0.0,0.0,673.44,0.0,42488564.0,55460096.0,8438392.0,12.92,85124.0,10057768.0,11667904.0,10.88,11424732.0,5207220.0,260.0,6507612.0,4223976.0,25136.0,62260.0,65116.0,41943032.0,0.0,0.0,0.0,0.0,1.0,1548.0,21.23,21.27,20.0,0.0,7.03,0.0,0.0,0.0,0.0,2699.98
0,11:41:28 PM,4.0,0.2,0.0,0.2,0.0,0.0,0.0,0.0,0.0,0.0,99.6,1.4,52819.96,0.6,0.0,0.6,0.0,0.0,9.78,0.0,42485092.0,55457540.0,8440996.0,12.93,85124.0,10058488.0,11664864.0,10.88,11425068.0,5208024.0,1032.0,6508476.0,4224124.0,25136.0,62260.0,65132.0,41943032.0,0.0,0.0,0.0,0.0,1.0,1548.0,21.21,21.27,20.01,0.0,0.0,0.0,0.0,0.0,0.0,2700.83
0,11:41:33 PM,4.0,0.0,0.0,0.2,0.0,0.0,0.0,0.0,0.0,0.0,99.8,0.0,56774.61,3.71,0.0,3.71,0.0,0.0,670.7,0.0,42485300.0,55458132.0,8440576.0,12.93,85124.0,10058876.0,11664864.0,10.88,11424148.0,5208324.0,1420.0,6507468.0,4223948.0,25136.0,62260.0,65132.0,41943032.0,0.0,0.0,0.0,0.0,2.0,1548.0,21.19,21.26,20.01,0.0,0.0,0.0,0.0,0.0,0.0,2699.86
0,11:41:38 PM,4.0,0.2,0.0,0.39,0.0,0.0,0.0,0.0,0.0,0.0,99.41,0.2,58231.51,0.0,0.0,0.0,0.0,0.0,0.0,0.0,42481764.0,55455284.0,8443260.0,12.93,85124.0,10059512.0,11664864.0,10.88,11425320.0,5208844.0,2056.0,6508260.0,4224164.0,25152.0,62260.0,65132.0,41943032.0,0.0,0.0,0.0,0.0,1.0,1549.0,21.18,21.26,20.02,0.0,0.0,0.0,0.0,0.0,0.0,2700.02
0,11:41:44 PM,4.0,0.0,0.0,0.2,0.0,0.0,0.0,0.0,0.0,0.0,99.8,0.0,52513.55,7.57,0.0,7.57,0.0,0.0,906.77,0.0,42482460.0,55456616.0,8441924.0,12.93,85124.0,10060080.0,11664864.0,10.88,11425124.0,5209400.0,400.0,6508512.0,4224236.0,25152.0,62264.0,65132.0,41943032.0,0.0,0.0,0.0,0.0,1.0,1549.0,21.16,21.25,20.02,0.0,0.0,0.0,0.0,0.0,0.0,2689.81
0,11:41:49 PM,4.0,0.0,0.0,0.0,0.0,0.0,0.0,0.0,0.0,0.0,100.0,1.4,52489.42,0.0,0.0,0.0,0.0,0.0,0.0,0.0,42481608.0,55456524.0,8442192.0,12.93,85124.0,10060576.0,11656416.0,10.87,11425336.0,5210088.0,944.0,6508600.0,4224324.0,25152.0,62264.0,65164.0,41943032.0,0.0,0.0,0.0,0.0,1.0,1549.0,21.15,21.25,20.03,0.0,0.0,0.0,0.0,0.0,0.0,2700.0
0,11:41:54 PM,4.0,0.0,0.0,0.0,0.0,0.0,0.0,0.0,0.0,0.0,100.0,0.0,67827.01,0.0,0.0,0.0,0.0,0.0,0.0,0.0,42480136.0,55455912.0,8442772.0,12.93,85124.0,10061256.0,11656416.0,10.87,11425608.0,5210796.0,1624.0,6508964.0,4224536.0,25152.0,62264.0,65164.0,41943032.0,0.0,0.0,0.0,0.0,1.0,1549.0,21.14,21.24,20.03,0.0,0.0,0.0,0.0,0.0,0.0,2700.0
0,11:41:59 PM,4.0,0.0,0.0,0.0,0.0,0.0,0.0,0.0,0.0,0.0,100.0,0.0,59042.99,7.29,0.0,7.29,0.0,0.0,823.22,0.0,42480456.0,55456960.0,8441304.0,12.93,85124.0,10061892.0,11656416.0,10.87,11425968.0,5211412.0,428.0,6509332.0,4225048.0,25120.0,62268.0,65148.0,41943032.0,0.0,0.0,0.0,0.0,1.0,1547.0,21.13,21.24,20.04,0.0,0.0,0.0,0.0,0.0,0.0,2698.46
0,11:42:04 PM,4.0,0.0,0.0,0.0,0.0,0.0,0.0,0.0,0.0,0.0,100.0,0.0,63014.94,3.07,0.0,3.07,0.0,0.0,578.16,0.0,42480096.0,55457288.0,8441404.0,12.93,85124.0,10062456.0,11656416.0,10.87,11425116.0,5211972.0,1036.0,6508468.0,4224744.0,25120.0,62268.0,65148.0,41943032.0,0.0,0.0,0.0,0.0,1.0,1547.0,21.12,21.24,20.04,0.0,0.0,0.0,0.0,0.0,0.0,2700.0
0,11:42:09 PM,4.0,0.0,0.0,0.38,0.0,0.0,0.0,0.0,0.0,0.0,99.62,1.34,63016.28,0.0,0.0,0.0,0.0,0.0,0.0,0.0,42474880.0,55452756.0,8445924.0,12.94,85124.0,10063000.0,11671996.0,10.88,11426356.0,5212536.0,1580.0,6509700.0,4224896.0,25104.0,62268.0,65132.0,41943032.0,0.0,0.0,0.0,0.0,1.0,1546.0,21.19,21.25,20.06,0.0,0.0,0.0,0.0,0.0,0.0,2700.0
0,11:42:14 PM,4.0,0.2,0.0,0.2,0.0,0.0,0.0,0.0,0.0,0.0,99.6,0.0,51953.29,7.19,0.0,7.19,0.0,0.0,704.19,0.0,42476252.0,55454676.0,8444052.0,12.93,85124.0,10063512.0,11671996.0,10.88,11424956.0,5213012.0,384.0,6508256.0,4224884.0,25104.0,62268.0,65132.0,41943032.0,0.0,0.0,0.0,0.0,1.0,1546.0,21.17,21.24,20.06,0.0,0.0,0.0,0.0,0.0,0.0,2700.0
0,11:42:19 PM,4.0,0.0,0.0,0.0,0.0,0.0,0.0,0.0,0.0,0.0,100.0,0.2,57877.93,0.0,0.0,0.0,0.0,0.0,0.0,0.0,42475116.0,55454068.0,8444508.0,12.93,85124.0,10064064.0,11671996.0,10.88,11426248.0,5213460.0,980.0,6509600.0,4225012.0,25104.0,62276.0,65116.0,41943032.0,0.0,0.0,0.0,0.0,2.0,1546.0,21.16,21.24,20.07,0.0,0.0,0.0,0.0,0.0,0.0,2699.94
0,11:42:25 PM,4.0,0.0,0.0,0.59,0.0,0.0,0.0,0.0,0.0,0.0,99.41,0.0,61964.38,6.85,0.0,6.85,0.0,0.0,477.5,0.0,42474560.0,55454272.0,8444160.0,12.93,85124.0,10064664.0,11671996.0,10.88,11425960.0,5214068.0,412.0,6509104.0,4225316.0,25104.0,62276.0,65116.0,41943032.0,0.0,0.0,0.0,0.0,1.0,1546.0,21.15,21.24,20.07,0.0,0.0,0.0,0.0,0.0,0.0,2700.0
0,11:42:30 PM,4.0,0.2,0.0,0.2,0.0,0.0,0.0,0.0,0.0,0.0,99.61,1.56,54165.62,0.39,0.0,0.39,0.0,0.0,100.2,0.0,42472572.0,55453008.0,8445484.0,12.93,85124.0,10065196.0,11664496.0,10.88,11426816.0,5214680.0,992.0,6510176.0,4225448.0,25120.0,62276.0,65148.0,41943032.0,0.0,0.0,0.0,0.0,2.0,1547.0,21.13,21.23,20.08,0.0,0.0,0.0,0.0,0.0,0.0,2700.0
0,11:42:35 PM,4.0,0.0,0.0,0.2,0.0,0.0,0.0,0.0,0.0,0.0,99.8,0.0,52058.88,10.98,0.0,10.98,0.0,0.0,990.62,0.0,42474592.0,55455628.0,8442984.0,12.93,85124.0,10065724.0,11664496.0,10.88,11426192.0,5215176.0,328.0,6509124.0,4225400.0,25120.0,62280.0,65148.0,41943032.0,0.0,0.0,0.0,0.0,2.0,1547.0,21.12,21.23,20.08,0.0,0.0,0.0,0.0,0.0,0.0,2700.02
0,11:42:40 PM,4.0,0.2,0.0,0.4,0.0,0.0,0.0,0.0,0.0,0.0,99.4,0.0,52451.79,0.0,0.0,0.0,0.0,0.0,0.0,0.0,42474408.0,55456208.0,8442372.0,12.93,85124.0,10066360.0,11664496.0,10.88,11425652.0,5215796.0,1016.0,6509228.0,4225560.0,25120.0,62284.0,65148.0,41943032.0,0.0,0.0,0.0,0.0,1.0,1547.0,21.11,21.22,20.09,0.0,0.0,0.0,0.0,0.0,0.0,2699.97
0,11:42:45 PM,4.0,0.0,0.0,0.2,0.0,0.0,0.0,0.0,0.0,0.0,99.8,0.2,52747.7,0.0,0.0,0.0,0.0,0.0,0.0,0.0,42472932.0,55455516.0,8443136.0,12.93,85124.0,10066944.0,11664496.0,10.88,11425144.0,5216460.0,1600.0,6508356.0,4225688.0,25120.0,62284.0,65148.0,41943032.0,0.0,0.0,0.0,0.0,1.0,1548.0,21.1,21.22,20.09,0.0,0.0,0.0,0.0,0.0,0.0,2699.97
0,11:42:50 PM,4.0,0.19,0.0,0.0,0.0,0.0,0.0,0.0,0.0,0.0,99.81,1.34,64644.06,9.39,0.0,9.39,0.0,0.0,3244.44,0.0,42454520.0,55454272.0,8444352.0,12.93,85124.0,10084232.0,11656048.0,10.87,11443852.0,5216608.0,17192.0,6510176.0,4225596.0,25136.0,62288.0,65132.0,41943032.0,0.0,0.0,0.0,0.0,1.0,1548.0,21.1,21.22,20.1,0.0,0.0,0.0,0.0,0.0,0.0,2700.0
0,11:42:55 PM,4.0,0.0,0.0,0.39,0.0,0.0,0.0,0.0,0.0,0.0,99.61,1.73,59593.28,153.55,153.55,0.0,0.0,34289.44,0.0,0.0,42505164.0,55488268.0,8410592.0,12.88,85124.0,10067308.0,11664644.0,10.88,11402324.0,5216908.0,868.0,6485692.0,4225636.0,25184.0,62288.0,65148.0,41943032.0,0.0,0.0,0.0,0.0,1.0,1551.0,21.15,21.22,20.11,0.0,0.0,0.0,0.0,0.0,0.0,2700.0
0,11:43:00 PM,4.0,0.0,0.0,0.0,0.0,0.0,0.0,0.0,0.0,0.0,100.0,0.0,60496.17,0.19,0.0,0.19,0.0,0.0,98.08,0.0,42504376.0,55487584.0,8411180.0,12.88,85124.0,10067508.0,11664644.0,10.88,11403020.0,5217016.0,1068.0,6486272.0,4225636.0,25168.0,62288.0,65132.0,41943032.0,0.0,0.0,0.0,0.0,1.0,1550.0,21.14,21.22,20.12,0.0,0.0,0.0,0.0,0.0,0.0,2700.0
0,11:43:05 PM,4.0,0.0,0.0,0.0,0.0,0.0,0.0,0.0,0.0,0.0,100.0,0.0,57116.41,1.95,0.0,1.95,0.0,0.0,434.38,0.0,42505104.0,55488380.0,8410468.0,12.88,85124.0,10067716.0,11664644.0,10.88,11402752.0,5217084.0,1276.0,6486028.0,4225412.0,25168.0,62288.0,65132.0,41943032.0,0.0,0.0,0.0,0.0,1.0,1550.0,21.13,21.22,20.12,0.0,0.0,0.0,0.0,0.0,0.0,2699.97
0,11:43:11 PM,4.0,0.0,0.0,0.0,0.0,0.0,0.0,0.0,0.0,0.0,100.0,1.37,53598.43,24.07,0.0,24.07,0.0,0.0,533.86,0.0,42503340.0,55486948.0,8412036.0,12.88,85124.0,10067912.0,11652968.0,10.87,11403328.0,5217416.0,160.0,6486656.0,4225412.0,25120.0,62288.0,65116.0,41943032.0,0.0,0.0,0.0,0.0,1.0,1547.0,21.12,21.21,20.13,0.0,0.0,0.0,0.0,0.0,0.0,2699.46
0,11:43:16 PM,4.0,0.2,0.0,0.0,0.0,0.0,0.0,0.0,0.0,0.0,99.8,0.0,49719.12,0.0,0.0,0.0,0.0,0.0,0.0,0.0,42503088.0,55486832.0,8412088.0,12.88,85124.0,10068112.0,11652968.0,10.87,11403056.0,5217552.0,408.0,6486444.0,4225412.0,25120.0,62288.0,65116.0,41943032.0,0.0,0.0,0.0,0.0,1.0,1547.0,21.11,21.21,20.13,0.0,0.0,0.0,0.0,0.0,0.0,2699.28
0,11:43:21 PM,4.0,0.2,0.0,0.2,0.0,0.0,0.0,0.0,0.0,0.0,99.6,0.0,49892.81,0.0,0.0,0.0,0.0,0.0,0.0,0.0,42501796.0,55485664.0,8413180.0,12.89,85124.0,10068312.0,11652968.0,10.87,11403712.0,5217676.0,608.0,6487116.0,4225412.0,25120.0,62288.0,65116.0,41943032.0,0.0,0.0,0.0,0.0,1.0,1547.0,21.1,21.2,20.14,0.0,0.0,0.0,0.0,0.0,0.0,2700.0
0,11:43:26 PM,4.0,0.0,0.0,0.0,0.0,0.0,0.0,0.0,0.0,0.0,100.0,0.0,49806.57,0.0,0.0,0.0,0.0,0.0,0.0,0.0,42501040.0,55485172.0,8413708.0,12.89,85124.0,10068540.0,11652968.0,10.87,11403520.0,5217940.0,836.0,6486936.0,4225412.0,25120.0,62288.0,65116.0,41943032.0,0.0,0.0,0.0,0.0,1.0,1547.0,21.09,21.2,20.14,0.0,0.0,0.0,0.0,0.0,0.0,2700.0
0,11:43:31 PM,4.0,0.0,0.0,0.0,0.0,0.0,0.0,0.0,0.0,0.0,100.0,1.4,49889.82,0.6,0.0,0.6,0.0,0.0,9.78,0.0,42500284.0,55484716.0,8414244.0,12.89,85124.0,10068760.0,11646724.0,10.86,11404176.0,5218240.0,1056.0,6487568.0,4225412.0,25120.0,62288.0,65100.0,41943032.0,0.0,0.0,0.0,0.0,1.0,1547.0,21.16,21.22,20.15,0.0,0.0,0.0,0.0,0.0,0.0,2700.0
0,11:43:36 PM,4.0,0.0,0.0,0.0,0.0,0.0,0.0,0.0,0.0,0.0,100.0,0.0,49796.02,5.18,0.0,5.18,0.0,0.0,399.6,0.0,42500032.0,55484668.0,8414272.0,12.89,85124.0,10068984.0,11646724.0,10.86,11403036.0,5218444.0,1280.0,6486456.0,4225412.0,25120.0,62288.0,65100.0,41943032.0,0.0,0.0,0.0,0.0,1.0,1547.0,21.15,21.21,20.16,0.0,0.0,0.0,0.0,0.0,0.0,2700.64
0,11:43:41 PM,4.0,0.0,0.0,0.0,0.0,0.0,0.0,0.0,0.0,0.0,100.0,0.0,49953.69,0.8,0.0,0.8,0.0,0.0,95.81,0.0,42499024.0,55483912.0,8415088.0,12.89,85124.0,10069176.0,11646724.0,10.86,11402852.0,5218696.0,1236.0,6486276.0,4225412.0,25120.0,62288.0,65100.0,41943032.0,0.0,0.0,0.0,0.0,1.0,1547.0,21.14,21.21,20.16,0.0,0.0,0.0,0.0,0.0,0.0,2699.31
0,11:43:46 PM,4.0,0.0,0.0,0.0,0.0,0.0,0.0,0.0,0.0,0.0,100.0,0.0,55721.48,4.69,0.0,4.69,0.0,0.0,512.5,0.0,42496920.0,55483852.0,8415208.0,12.89,85124.0,10071160.0,11646724.0,10.86,11403808.0,5219000.0,1964.0,6485504.0,4225412.0,25120.0,62288.0,65100.0,41943032.0,0.0,0.0,0.0,0.0,1.0,1547.0,21.13,21.2,20.17,0.0,0.0,0.0,0.0,0.0,0.0,2700.0
0,11:43:51 PM,4.0,0.0,0.0,0.2,0.0,0.0,0.0,0.0,0.0,0.0,99.8,1.4,50059.28,6.39,0.0,6.39,0.0,0.0,844.71,0.0,42495440.0,55482508.0,8416496.0,12.89,85124.0,10071352.0,11644984.0,10.86,11404532.0,5219136.0,120.0,6486148.0,4225412.0,25120.0,62288.0,65100.0,41943032.0,0.0,0.0,0.0,0.0,1.0,1547.0,21.12,21.2,20.17,0.0,0.0,0.0,0.0,0.0,0.0,2699.71
0,11:43:56 PM,4.0,0.19,0.0,0.0,0.0,0.0,0.0,0.0,0.0,0.0,99.81,0.0,60749.23,0.57,0.0,0.57,0.0,0.0,197.7,0.0,42495692.0,55482976.0,8415980.0,12.89,85124.0,10071616.0,11644984.0,10.86,11404332.0,5219348.0,444.0,6485976.0,4225412.0,25120.0,62288.0,65100.0,41943032.0,0.0,0.0,0.0,0.0,1.0,1547.0,21.11,21.2,20.18,0.0,0.0,0.0,0.0,0.0,0.0,2700.0
0,11:44:01 PM,4.0,0.0,0.0,0.0,0.0,0.0,0.0,0.0,0.0,0.0,100.0,0.0,49844.02,0.4,0.0,0.4,0.0,0.0,102.19,0.0,42494936.0,55482316.0,8416552.0,12.89,85124.0,10071800.0,11644984.0,10.86,11404992.0,5219444.0,628.0,6486612.0,4225412.0,25120.0,62288.0,65100.0,41943032.0,0.0,0.0,0.0,0.0,1.0,1547.0,21.1,21.19,20.18,0.0,0.0,0.0,0.0,0.0,0.0,2699.96
0,11:44:06 PM,4.0,0.0,0.0,0.0,0.0,0.0,0.0,0.0,0.0,0.0,100.0,0.0,55946.97,4.89,0.0,4.89,0.0,0.0,161.06,0.0,42493164.0,55482832.0,8416104.0,12.89,85124.0,10074012.0,11644984.0,10.86,11405372.0,5221732.0,2840.0,6486972.0,4225420.0,25120.0,62288.0,65100.0,41943032.0,0.0,0.0,0.0,0.0,1.0,1547.0,21.17,21.21,20.19,0.0,0.0,0.0,0.0,0.0,0.0,2700.0
0,11:44:11 PM,4.0,0.2,0.0,0.4,0.0,0.0,0.0,0.0,0.0,0.0,99.4,1.39,51303.59,8.57,0.0,8.57,0.0,0.0,2862.15,0.0,42484580.0,55482620.0,8416368.0,12.89,85124.0,10082316.0,11642784.0,10.86,11405356.0,5230088.0,4004.0,6486992.0,4225436.0,25120.0,62288.0,65068.0,41943032.0,0.0,0.0,0.0,0.0,1.0,1547.0,21.16,21.2,20.2,0.0,0.0,0.0,0.0,0.0,0.0,2700.12
0,11:44:16 PM,4.0,0.0,0.0,0.4,0.0,0.0,0.0,0.0,0.0,0.0,99.6,0.0,52045.51,0.0,0.0,0.0,0.0,0.0,0.0,0.0,42472452.0,55482756.0,8416188.0,12.89,85124.0,10094560.0,11642784.0,10.86,11405304.0,5242320.0,16304.0,6486656.0,4225500.0,25120.0,62288.0,65068.0,41943032.0,0.0,0.0,0.0,0.0,1.0,1547.0,21.14,21.2,20.2,0.0,0.0,0.0,0.0,0.0,0.0,2700.03
0,11:44:21 PM,4.0,0.0,0.0,0.0,0.0,0.0,0.0,0.0,0.0,0.0,100.0,0.0,55552.34,0.0,0.0,0.0,0.0,0.0,0.0,0.0,42470276.0,55481564.0,8417368.0,12.89,85124.0,10095556.0,11642784.0,10.86,11405612.0,5243304.0,17300.0,6487220.0,4225500.0,25120.0,62288.0,65068.0,41943032.0,0.0,0.0,0.0,0.0,1.0,1547.0,21.13,21.2,20.2,0.0,0.0,0.0,0.0,0.0,0.0,2698.54
0,11:44:26 PM,4.0,0.0,0.0,0.2,0.0,0.0,0.0,0.0,0.0,0.0,99.8,0.0,55522.11,11.94,0.0,11.94,0.0,0.0,6827.4,0.0,42471336.0,55482840.0,8416104.0,12.89,85124.0,10095760.0,11642784.0,10.86,11403908.0,5243520.0,88.0,6485108.0,4225500.0,25120.0,62288.0,65068.0,41943032.0,0.0,0.0,0.0,0.0,1.0,1547.0,21.12,21.19,20.21,0.0,0.0,0.0,0.0,0.0,0.0,2700.0
